y,X1,X2,X3,X4,X5,X6,X7,X8,X9,X10,X11,X12,X13,X14,X15,X16,X17,X18,X19,X20,X21,X22,X23,X24,X25,X26,X27,X28,X29,X30,X31,X32,X33,X34,X35,X36,X37,X38,X39,X40,X41,X42,X43,X44,X45,X46,X47,X48,X49,X50,X51,X52,X53,X54,X55,X56,X57,X58,X59,X60,X61,X62,X63,X64,X65,X66,X67,X68,X69,X70,X71,X72,X73,X74,X75,X76,X77,X78,X79,X80,X81,X82,X83,X84,X85,X86,X87,X88,X89,X90,X91,X92,X93,X94,X95,X96,X97,X98,X99,X100
2.269,-0.626,0.409,1.074,-0.341,-1.087,1.135,-1.557,1.547,0.344,0.714,-0.886,0.917,-0.374,0.94,-2.104,0.739,-0.113,-1.048,1.729,-0.728,-1.135,-1.48,-0.84,-0.626,-1.142,-1.516,0.458,0.349,0.693,-0.132,-0.619,-1.226,0.431,-0.29,0.15,-1.325,0.075,0.692,1.196,0.562,0.264,0.261,1.676,-1.347,0.964,-1.217,-0.725,1.108,1.098,-1.01,-0.804,-0.257,-0.497,0.879,0.94,-1.412,-1.175,-1.082,1.348,-2.037,-0.939,1.2,1.246,0.551,-0.618,0.226,-0.264,0.12,0.372,0.02,0.523,0.183,-1.159,-0.217,-0.519,-0.214,0.171,-0.958,0.132,0.371,0.858,-0.581,-0.796,-0.966,1.383,1.05,0.3,-0.105,-0.523,0.439,0.951,-0.904,-0.919,-0.649,1.08,-2.078,1.105,-0.708,0.787,0.043
61.355,0.184,1.689,1.896,1.502,-1.826,1.112,1.923,0.179,0.013,0.581,-1.922,0.809,0.995,0.788,-0.084,0.387,0.856,-0.426,-0.815,-0.247,0.765,1.028,0.446,-1.426,1.175,0.629,1.646,0.953,-0.196,-0.306,-1.109,0.143,-0.203,0.947,0.6,0.952,0.45,-1.455,-0.036,-0.376,-0.829,-0.999,-0.231,0.523,-1.526,-0.946,-0.055,0.208,-0.9,-1.184,-1.057,-0.626,-0.39,-1.259,1.852,1.084,-1.413,-0.597,-0.935,-1.173,1.394,-0.218,1.837,0.475,1.513,-0.819,0.356,-0.371,2.202,-0.481,0.994,-0.033,-0.207,1.572,-0.258,-0.107,-1.257,0.021,0.133,1.194,-1.625,2.928,-0.118,-1.584,1.18,0.29,-0.127,-1.167,-1.053,1.561,0.457,-1.11,-1.022,-0.874,-1.345,-0.454,0.711,0.526,0.514,0.781
-81.865,-0.836,1.587,-0.603,0.528,0.995,-0.871,-1.857,-0.283,-0.873,-0.147,1.62,-0.712,0.102,0.087,0.756,1.296,-0.186,-0.235,-1.69,-0.614,0.571,-2.221,-0.365,0.123,-0.474,-1.678,1.312,-2.228,0.428,0.477,-2.17,-0.53,0.924,-0.968,-0.928,0.86,-0.161,0.124,0.809,-0.737,-1.462,3.377,-0.015,1.004,1.221,0.091,2.958,-0.774,-1.143,-1.188,-1.035,-0.305,-0.078,-0.261,0.99,1.17,0.452,-1.332,0.394,-0.959,1.626,-0.794,-0.006,0.134,1.381,-0.847,0.883,-1.718,0.003,-0.347,0.274,0.212,-0.131,0.789,-0.892,-0.465,-1.079,-1.409,0.441,-0.01,-0.234,-0.389,-1.275,-0.639,0.428,1.242,-0.206,-0.176,-0.428,-0.738,-0.359,-0.162,-1.186,0.375,-0.045,-0.166,-0.558,0.034,1.107,-1.236
2.215,1.595,-0.331,-0.391,0.542,-0.012,0.211,-2.106,-0.767,0.343,1.507,0.519,-2.69,1.483,0.033,-1.581,-0.804,1.428,1.19,1.491,0.104,-1.352,-1.639,0.539,-0.576,1.644,1.18,0.176,-0.776,0.558,0.29,-0.031,0.338,-1.37,-1.286,-0.304,1.061,0.847,-1.616,-0.867,0.054,1.684,0.4,0.288,0.759,-0.32,0.701,-0.389,-0.085,0.767,1.073,-1.186,-0.167,-0.905,-0.976,-1.109,0.295,-0.525,-0.672,0.642,-0.703,0.409,-0.937,-0.238,2.331,-0.454,-1.984,-1.135,-0.243,-1.176,-0.954,-0.695,1.242,1.882,-0.812,0.05,-0.684,1.77,-0.028,-0.391,1.305,-1.033,0.662,2.693,-0.279,-1.755,-0.685,-1.659,-0.042,0.213,1.182,-1.046,0.83,1.257,0.031,0.812,0.898,0.295,-1.069,-0.499,-0.086
56.855,0.33,-2.285,-0.416,-0.137,-0.6,0.069,0.698,-0.576,-0.177,-0.28,-0.056,-0.567,0.56,1.553,0.707,-1.603,2.082,0.541,0.704,-0.801,-2.03,0.357,-0.809,0.099,-0.328,1.118,-0.7,-0.07,-0.848,-0.439,-0.26,0.11,-1.51,1.311,-0.767,-0.351,-0.025,0.859,0.016,-0.626,-1.544,2.34,-0.225,0.478,0.566,0.673,-0.722,-1.261,-1.071,-0.962,-0.5,0.996,0.164,-0.574,0.083,-0.554,-0.434,-0.218,1.141,2.359,-0.093,2.123,0.872,-0.569,0.081,-0.813,1.03,0.255,-0.142,0.373,-0.718,-0.159,-1.488,0.273,-0.226,-0.791,0.892,0.647,0.636,0.791,-1.141,0.2,0.54,1.118,-0.527,-0.668,0.539,-0.131,0.308,-0.545,0.308,0.374,1.696,-0.774,-0.851,-0.029,-0.792,0.184,0.009,-0.578
65.259,-0.82,2.498,-0.376,-1.137,-0.178,-1.663,0.907,-0.915,0.921,2.028,0.696,1.299,0.142,-2.405,-1.046,0.933,-0.567,-0.089,-0.963,1.324,0.59,0.026,-0.484,1.126,0.153,-1.238,0.874,1.261,0.393,-0.728,0.534,1.512,0.085,-0.99,-1.737,-0.131,0.409,1.435,0.335,0.197,-0.191,2.004,-0.397,-0.467,-0.916,1.266,-2.739,0.108,-0.839,0.968,-0.525,1.186,-0.116,0.017,-0.333,-0.403,1.48,0.195,0.321,0.677,0.206,-0.359,-0.702,0.916,-1.14,1.462,0.667,0.107,-0.581,-0.309,-0.102,-0.658,-0.611,0.063,-1.789,-0.339,1.551,-0.995,1.252,0.822,-1.522,-0.426,-0.433,0.376,0.524,0.941,-0.581,1.031,-0.479,0.189,1.994,1.942,0.72,0.415,0.646,1.858,-0.384,1.374,-1.226,1.13
-29.417,0.487,0.667,-0.367,-1.497,-0.426,0.811,-0.196,0.37,0.301,-1.196,0.054,-0.19,1.83,0.167,0.259,1.806,-1.088,-0.712,-1.198,0.031,-1.413,-0.148,-1.011,0.082,0.755,-1.23,-0.791,-0.104,0.74,1.164,-0.559,0.01,1.157,-0.109,0.256,0.764,-0.145,-1.125,-1.003,1.696,1.016,2.111,1.801,1.187,0.369,-1.445,-0.76,-0.376,0.057,1.552,-0.302,-0.89,-0.348,0.542,0.335,-1.268,-2.135,-0.631,-0.696,-1.159,-0.092,-0.16,-0.31,-0.741,1.282,0.613,0.223,1.262,-0.212,0.781,0.212,0.072,-0.602,0.081,-0.269,-1.267,0.792,1.276,-1.094,1.014,-0.755,1.399,-1.82,0.135,0.423,0.995,-2.071,-0.492,0.675,-0.051,-1.83,-0.347,-1.338,-1.555,0.069,-1.209,0.921,-0.287,0.984,-0.227
-13.86,0.738,0.541,-0.296,-0.223,0.997,-1.912,-0.207,-1.468,0.693,1.312,-1.31,-0.638,0.518,-0.403,-0.002,-0.057,1.321,0.504,-0.001,-0.824,1.61,0.808,0.119,0.144,0.929,0.598,0.553,-0.868,0.435,0.409,1.608,-0.163,-0.091,-0.59,-0.941,-0.494,0.568,1.539,-0.395,-0.697,0.547,-0.867,0.464,-0.562,-0.021,1.415,0.141,0.371,-0.094,-0.059,0.472,0.04,-0.29,0.035,0.239,-0.009,0.398,0.539,-1.025,-0.623,-0.46,-0.544,-0.553,-0.62,-0.095,0.299,0.944,-1.118,-0.312,0.811,1.632,0.768,-0.048,-0.13,-1.119,-1.394,-1.246,0.38,0.701,0.462,-0.467,0.704,-1.878,0.775,-0.213,1.021,-0.781,0.33,0.6,1.287,1.344,-0.292,-0.042,0.127,-1.236,-1.702,-0.388,1.423,0.35,1.509
16.632,0.576,-0.013,1.442,2.002,0.728,-1.247,0.725,-1.745,0.325,-0.524,-2.123,-2.035,0.692,-1.746,-1.176,1.886,0.718,-0.107,0.701,-0.867,1.84,-0.574,-1.695,-0.647,1.191,0.299,0.331,0.036,0.458,-0.224,0.557,0.716,-1.006,0.542,1.629,1.113,-0.136,0.375,0.374,-0.458,0.755,-0.681,-0.231,0.559,0.224,-1.585,0.729,0.961,-0.274,-0.996,-0.248,-0.641,-1.139,0.577,-0.482,0.342,1.207,0.146,-0.666,-0.585,0.567,-0.186,-0.375,-0.3,1.552,-0.48,1.153,1.414,-0.037,0.337,0.255,2.36,-0.379,-0.735,-0.441,0.419,-0.096,0.012,0.138,-0.514,0.059,2.044,-0.877,-0.582,0.15,0.793,0.124,-1.222,-0.231,0.514,-1.481,-0.792,0.567,-0.258,-0.033,-0.814,-0.122,1.62,0.259,1.064
-41.195,-0.305,0.51,-0.698,0.222,-1.727,0.998,1.399,-0.667,0.408,0.354,-0.208,-0.604,0.028,-0.694,1.745,1.578,0.72,-2.584,-0.247,-1.253,1.368,0.582,0.172,0.829,0.239,-0.11,-0.817,0.811,-0.452,0.062,0.186,0.685,-0.742,0.385,-0.241,1.459,0.055,0.125,-0.571,-0.33,-0.42,0.841,0.953,0.114,-0.922,0.246,-0.687,0.015,0.986,-0.055,1.259,0.083,-0.004,0.615,-0.826,0.394,-0.266,1.617,-1.059,-1.331,-1.46,0.957,-0.274,-1.436,-0.132,2.457,2.24,0.17,1.243,-0.208,-2.073,0.42,-0.015,0.436,0.231,3.215,-1.006,1.61,-0.935,-0.334,1.413,-0.006,0.679,0.693,-0.771,-1.377,1.835,-1.332,0.63,-1.734,-0.717,-2.002,1.006,1.266,-1.326,1.27,-1.097,1.36,1.048,-3.319
-50.75,1.512,-0.164,-0.388,0.164,0.353,-0.541,-1.591,1.084,0.76,-0.072,-0.313,-0.808,-0.165,-0.14,0.718,0.502,-0.965,0.952,-0.006,-1.05,-1.256,-0.972,-0.678,-0.035,0.661,-0.808,-1.09,1.481,-0.367,-3.001,-1.039,-0.053,1.166,1.128,-0.637,0.635,0.551,-0.984,0.746,0.917,1.811,-0.465,0.915,0.35,-0.262,0.45,1.826,1.265,0.961,0.538,0.351,2.347,0.904,-0.76,-1.575,-0.763,0.703,-0.356,0.801,-0.479,-0.751,-0.235,0.122,-0.913,-0.393,-0.739,0.131,-1.194,1.214,-0.482,-1.363,1.527,1.048,-0.178,-0.788,-0.38,1.982,-0.933,0.016,0.026,0.694,-1.806,1.071,0.122,1.113,0.184,-0.131,1.292,-0.898,0.029,-0.8,0.975,-0.422,-0.355,0.282,0.428,0.391,0.164,-1.092,1.183
50.019,0.39,0.421,0.653,0.333,0.727,-0.216,1.304,0.123,-2.287,-0.133,-1.058,-0.607,-0.721,-0.458,2.862,0.43,0.166,0.475,0.145,0.827,-1.384,1.837,-0.709,1.589,1.44,0.115,-0.44,0.149,-0.396,-0.886,-0.363,2.786,0.304,2.314,0.627,1.817,0.436,0.984,1.245,2.143,-0.111,1.551,0.075,-1.219,1.135,0.948,-0.123,1.569,3.111,-0.399,0.863,-0.279,0.083,0.402,-0.065,1.49,-0.04,-0.563,0.376,3.176,-0.287,-0.008,-0.14,0.738,-0.005,-0.555,1.079,-0.245,0.318,0.845,-0.81,-0.379,-0.942,0.526,-2.304,1.684,-1.205,-0.649,1.115,-0.844,1.027,-0.25,0.393,0.096,1.003,0.403,0.763,-0.734,-0.53,-0.938,0.507,1.439,-2.199,-2.48,0.302,-0.598,0.415,0.074,1.497,-1.547
16.348,-0.621,-0.4,1.125,-0.385,0.668,-1.622,0.196,-0.494,0.518,-0.088,0.417,0.087,-1.282,0.984,0.718,-1.266,1.06,-0.443,0.532,-0.844,-0.02,1.201,-1.017,-0.296,0.355,-0.18,-0.183,1.464,0.023,-0.756,-1.377,-0.762,1.26,0.652,-0.71,-0.32,-1.224,-1.287,0.192,1.383,0.36,-1.024,-2.051,0.333,-0.826,-0.254,0.045,0.664,0.286,-2.076,-0.479,-2.771,0.678,0.428,-1.431,1.155,2.332,-1.05,1.037,-0.454,0.832,1.18,0.597,-0.261,1.373,0.296,-1.413,-0.194,0.761,-0.673,0.831,-2.626,-0.07,-1.173,-0.384,0.939,-0.206,-0.489,2.458,1.686,-0.913,-0.735,-0.332,-1.675,2.299,0.894,-0.928,0.316,-0.369,0.491,0.763,-0.018,-0.55,-0.684,1.139,-0.529,-0.774,-1.341,-0.924,1.486
-55.701,-2.215,-1.37,-0.772,-1.399,-2.424,-1.451,-0.339,0.67,-1.347,0.918,-0.315,-0.234,-0.223,0.687,-0.329,2.236,-0.366,0.157,-1.176,-2.167,0.163,1.068,0.331,1.325,1.519,0.055,1.438,-0.504,-0.39,1.639,-0.535,-1.027,-0.914,0.024,-0.227,1.438,-0.229,0.551,-0.236,0.569,-0.106,0.384,-0.476,-0.328,1.043,0.085,1.095,-0.619,-2.616,-0.582,-1.188,0.154,0.016,-1.919,0.641,-0.856,-0.963,1.892,-0.532,-0.059,-0.527,0.037,-1.877,-0.858,-1.095,0.694,0.544,-0.511,0.67,1.592,-0.324,-0.567,-1.822,1.159,-0.605,1.088,0.417,-0.478,-0.321,0.323,-1.896,0.204,0.63,-0.835,-0.419,-0.53,-0.432,0.294,0.582,-0.586,-2.232,-0.117,0.445,-1.337,-1.041,0.273,-0.568,-0.417,0.465,0.464
-16.886,1.125,0.988,-0.508,2.676,-0.235,0.351,1.265,-0.351,0.363,0.031,0.826,1.263,0.027,-1.111,-0.13,0.332,0.34,-0.749,2.484,0.774,-0.135,0.635,1.003,-1.203,0.301,1.299,0.115,0.028,0.482,-0.261,0.275,-1.4,-0.952,-1.195,-1.757,-1.901,1.29,-1.586,-1.439,-0.703,-0.693,0.727,-2.154,0.528,0.265,1.205,-1.416,2.239,-0.873,0.094,-0.269,-0.286,-1.217,-0.056,-0.789,0.571,-0.738,0.186,-0.196,-0.085,-1.833,-1.132,0.327,-1.173,0.727,-0.553,0.041,-0.356,-0.348,0.019,0.149,-0.368,-0.419,1.11,0.526,-0.861,0.307,-0.787,-0.965,-1.225,-0.262,-0.186,2.242,-0.008,0.37,-0.171,-1.383,-1.072,0.497,-0.564,-0.056,1.808,-0.349,2.757,-0.481,-0.697,0.368,-0.371,1.5,-1.241
66.971,-0.045,1.52,0.524,-0.424,1.98,-0.175,0.94,-0.115,1.315,1.359,1.291,-1.564,1.828,0.542,-0.547,-0.139,-2.316,2.029,-1.332,0.599,-0.085,1.287,-0.306,-0.848,-0.93,-0.435,-0.223,-0.463,0.759,-0.532,1.316,-1.311,-0.329,0.182,-0.372,0.25,-1.828,-2.045,0.039,2.254,1.057,-3.451,-0.606,1.112,1.155,0.171,2.26,-2.533,0.111,1.181,-0.08,0.311,-0.437,-1.002,1.535,0.128,0.825,-0.593,0.586,0.672,1.046,-0.195,0.824,0.173,-0.402,-0.105,-0.76,1.807,-0.4,-0.074,-0.611,0.892,0.188,2.863,-0.063,-0.754,-1.6,1.086,-0.175,0.332,0.555,-0.024,1.058,-1.058,-1.248,-0.28,-0.353,1.05,-1.477,-0.163,0.99,-0.078,-0.987,-0.062,0.291,1.02,0.143,-0.833,-1.843,-0.353
58.919,-0.016,-0.309,1.018,-0.299,0.797,-0.591,1.278,0.073,-0.448,0.113,-0.625,-1.493,1.178,0.78,-1.282,-0.735,1.188,0.114,-1.361,1.197,-0.573,0.622,-1.001,0.327,0.559,-0.809,-0.853,-0.349,0.171,0.913,-0.17,-0.981,1.845,0.558,1.071,-0.056,0.873,1.613,-1.704,-1.032,0.764,-0.302,-0.505,-0.493,1.556,2.276,-0.154,-1.211,0.375,-1.109,-0.123,-0.405,0.827,-1.36,-0.052,0.847,-1.267,-0.12,0.169,-1.615,-0.52,-0.736,0.339,-0.444,-2.266,1.146,0.698,1.041,0.764,-0.167,1.692,-0.842,0.887,-1.298,0.196,-0.158,-0.242,0.667,-1.247,-0.767,-0.474,0.485,-0.285,1.456,-1.6,0,-0.877,-0.154,0.105,-0.24,0.209,0.548,0.335,0.155,-2.485,0.423,0.094,0.299,-1.295,1.832
18.02,0.944,-1.253,-0.251,-1.792,-1.709,-1.334,-0.291,1.089,-0.808,0.174,-0.875,-1.097,-0.356,-1.192,-2.171,-2.778,-1.39,1.388,-0.235,-0.368,1.668,0.665,1.293,-1.46,-1.498,-0.522,1.093,1.387,1.755,0.419,1.447,-0.604,-0.06,-0.654,1.688,-1.549,-1.35,-0.2,-1.052,0.049,-2.231,-1.609,-2.576,0.644,-0.025,1.329,-0.298,-1.187,-1.124,-0.151,-0.099,-0.161,0.968,1.073,-1.141,-0.777,0.83,0.992,-0.237,0.493,1.054,0.586,0.482,0.019,-1.176,0.197,-2.215,0.383,-0.117,0.177,0.232,0.792,-0.306,-0.594,0.597,-0.057,-0.192,1.283,1.206,-0.751,-0.092,-0.74,-0.671,0.772,-0.944,-0.461,-0.902,-0.781,0.186,2.489,0.506,0.924,0.129,0.258,2.411,-0.646,0.271,1.712,0.312,1.206
-48.19,0.821,0.642,-1.43,-0.248,-1.664,-1.097,0.776,1.293,-0.086,-0.053,0.143,-0.029,0.934,-0.247,0.001,-0.323,-1.586,1.356,-0.09,0.702,-0.577,-2.623,-1.341,1.223,0.511,-0.288,0.181,-1.744,-1.291,0.04,1.647,0.275,-0.539,-0.849,-0.35,0.063,-0.191,0.265,0.006,-1.497,0.393,-0.718,-0.238,-0.575,-0.346,0.309,-0.868,-0.824,0.36,0.673,-0.835,0.694,-0.37,-0.178,-0.041,0.862,0.943,-0.622,-0.507,-0.545,1.362,-0.824,-1.93,-0.735,-0.065,-0.515,0.87,-0.885,-0.612,0.385,-0.951,-0.732,-1.29,-0.046,-0.451,-0.791,0.293,-0.321,-0.642,0.116,-0.986,-0.098,0.502,1.097,0.929,-0.715,-0.543,-0.947,0.928,-0.311,0.122,0.362,-0.117,0.538,0.684,0.361,1.739,-0.623,0.74,-1.686
11.772,0.594,-0.045,1.709,-0.247,0.491,2.036,0.296,1.283,1.585,-0.425,1.425,2.174,-1.085,1.654,1.544,-1.036,1.303,-0.712,0.201,0.075,0.302,-0.601,-0.037,-0.171,-1.209,-0.643,-0.648,0.378,1.35,2.47,1.013,-0.202,-0.942,0.162,0.776,0.678,-0.516,-0.711,-0.598,0.061,-0.764,-0.265,1.434,0.008,0.159,-0.643,0.866,-0.372,-1.325,-1.086,1.858,1.27,1.367,-0.268,0.942,0.891,2.086,-0.28,0.416,-0.209,0.056,-0.492,0.455,0.25,-0.536,-0.442,1.048,-1.135,-0.393,-0.679,-0.967,-0.331,-0.216,1.466,-0.777,0.57,-0.027,0.621,0.371,-0.221,-1.278,-2.358,-0.84,-1.953,-0.561,-1.838,-1.18,-0.825,2.402,-0.098,-0.706,0.457,0.194,0.312,-0.944,0.476,0.488,-0.272,0.672,-2.141
-6.351,0.919,-1.733,1.435,-0.256,-0.174,-0.326,-0.517,0.979,0.101,0.208,-1.735,1.37,0.12,0.503,0.389,0.055,0.737,-0.69,-0.265,-2.263,-0.39,1.014,-0.212,-0.327,-0.326,0.343,0.303,0.704,1.182,2.085,0.053,0.543,1.078,-0.56,0.371,0.197,-1.64,-0.035,-0.675,1.132,-0.16,-0.835,-1.984,0.129,-0.178,-0.737,0.251,-0.031,0.772,0.087,-0.498,0.766,-0.515,1.156,-0.391,-1.901,-1.243,1.129,1.647,-0.73,0.117,0.451,0.382,-1.966,0.133,-0.949,-0.404,-1.195,0.316,-0.638,-1.224,1.825,-0.048,0.512,-1.252,-2.577,-0.594,-0.819,0.579,-1.002,0.609,-0.985,0.808,-0.953,0.013,-1.101,2.002,-1.89,-0.715,0.587,0.476,-0.676,0.877,0.622,0.047,-0.659,-1.881,0.007,-0.07,1.535
48.6,0.782,0.002,-0.71,-1.787,0.961,0.774,1.757,0.329,0.149,0.993,-0.837,-0.378,0.472,0.91,-0.315,1.544,-0.571,0.274,-0.11,1.055,-0.806,-0.139,0.694,0.459,0.678,1.448,-0.928,-0.741,-1.264,0.741,0.993,-1.627,-0.625,0.488,0.621,0.234,-0.423,-0.843,-0.605,-0.611,1.386,-0.38,-0.215,1.043,0.527,1.378,-0.578,1.661,-0.561,0.909,-1.27,-0.965,0.001,-1.888,0.805,-0.477,-1.73,0.693,0.262,0.791,1.468,-0.951,-0.358,1.689,-0.889,1.309,-0.847,0.247,-0.166,-0.17,-0.284,-0.442,1.927,-0.132,0.408,1.402,-1.258,-1.395,1.182,-0.012,-1.031,-1.452,-0.576,2.09,-0.102,-0.809,-1.347,-1.143,0.944,-0.109,0.601,-0.807,1.901,-0.942,-1.214,-0.027,-1.011,2.423,-0.518,-1.226
-83.152,0.075,-0.63,-0.065,1.785,0.294,0.785,0.162,1.88,-0.546,0.814,-0.716,-0.779,-1.697,1.756,0.791,0.964,-0.42,-0.381,-0.214,-0.897,-0.651,0.034,-0.047,-0.425,-0.748,1.354,-0.441,-0.141,-1.567,-0.429,-1.658,-2.37,-0.251,-0.924,1.388,-1.391,0.63,-0.84,0.223,0.945,0.098,0.223,-0.225,0.706,-0.145,0.507,-1.129,-0.033,-0.064,-0.167,-0.937,-2.785,0.22,-1.094,0.342,0.37,0.809,0.7,-2.774,-1.969,0.378,1.692,0.109,0.414,-0.519,-0.738,1.156,-0.807,0.331,0.204,0.744,-1.996,-0.892,-1.396,-1.038,1.364,-0.8,0.29,-1.966,-0.157,-0.263,0.723,0.884,-0.654,-1.064,-0.472,-0.012,-0.699,-1.171,0.946,0.77,0.184,-0.064,0.725,1.533,-0.308,-1.092,0.896,0.532,0.538
-12.32,-1.989,-0.341,-1.759,1.764,0.081,0.763,-0.055,2.043,-0.528,0.996,0.375,1.264,1.193,0.127,0.189,-1.832,0.896,1.116,0.756,2.399,-1.826,0.516,0.906,0.561,-1.454,0.475,-0.372,0.327,-1.767,0.189,0.142,-0.863,-0.516,1.125,0.656,0.318,0.151,0.26,-0.739,1.12,0.634,2.666,-0.401,-0.81,-0.025,0.21,0.681,0.987,-0.059,-1.442,0.533,-0.08,-0.136,2.351,-0.477,-0.396,0.87,-2.63,-1.082,1.015,-0.131,0.12,3.728,-2.045,-0.135,-0.168,0.22,0.098,0.413,0.161,-0.308,-2.197,-1.526,1.756,0.75,-0.901,0.483,-1.205,-1.508,-0.643,1.31,0.745,0.202,0.75,0.179,1.283,0.002,0.657,0.802,-1.885,0.046,-0.283,-0.393,0.419,-0.122,0.839,-0.117,0.061,1.081,-2.226
76.757,0.62,-1.157,0.57,0.69,0.184,0.295,0.529,1.329,-0.14,1.733,2.383,0.308,-0.688,0.266,0.584,0.133,1.091,0.172,-0.155,1.263,-0.1,-0.075,1.37,0.44,-0.101,-0.249,-0.818,-0.799,1.031,-0.542,-0.673,0.371,-0.364,-0.212,-0.758,0.855,-0.508,-0.55,0.642,-2.225,-0.55,-0.38,0.568,0.05,0.871,1.379,0.869,0.63,-0.067,-0.04,-1.617,1.249,-1.747,0.133,-0.25,-2.452,-1.322,-0.24,-0.109,0.039,0.653,0.131,1.12,0.921,-0.687,-0.722,0.462,0.465,1.655,-0.168,-0.556,-1.969,1.205,0.589,-0.121,-0.371,1.463,0.547,-1.812,1.119,-0.419,-1.416,3.329,-1.561,0.531,1.02,0.795,-0.402,1.04,0.669,0.985,-1.353,1.16,0.604,0.559,0.664,-2.17,1,0.351,-0.171
12.138,-0.056,1.803,1.612,-1.101,0.166,-1.252,0.39,-0.22,-1.589,0.357,-0.464,-0.419,-1.81,1.08,0.515,-1.033,-0.052,0.513,-0.253,1.291,0.129,-0.701,0.609,0.594,-0.596,-1.444,-0.577,-0.856,0.17,-2.119,-1.442,0.279,0.029,-0.389,-0.456,-0.301,-0.473,-1.242,-1.369,0.855,0.63,-0.124,1.699,-1.433,-0.403,0.057,-0.818,-0.182,-0.821,-0.758,-0.317,-0.167,-0.165,0.128,0.199,-0.676,0.468,-0.163,0.823,0.856,1.284,0.554,1.437,0.074,-0.023,-0.101,0.981,0.396,-1.619,-2.701,-0.799,0.252,-0.642,-0.204,-1.4,-1.08,-0.912,0.287,0.991,-0.829,0.424,-0.08,-0.155,0.235,2.522,-0.53,-0.522,0.083,1.939,0.185,0.764,-0.708,-1.393,0.778,-0.228,-0.956,0.149,-1.17,-0.076,-1.664
-43.477,-0.156,-0.331,-1.637,0.715,-1.27,-1.01,-0.706,-1.04,1.234,0.156,-0.427,-0.038,-1.243,0.009,-0.17,-1.728,-0.67,-1.767,-1.651,1.988,0.415,-1.101,-0.779,0.683,1.141,-0.984,1.014,1.163,-1.643,-0.164,0.832,-0.063,0.899,-1.828,0.365,-2.998,-0.834,1.304,0.658,0.452,-0.477,-0.604,-0.878,-0.366,0.975,-0.748,1.314,0.128,0.322,-0.661,-0.42,-1.193,2.598,1.127,-0.952,-0.254,-0.79,0.066,1.049,1.287,0.963,0.291,-0.986,-1.238,-0.495,-0.331,-1.23,0.338,0.62,1.285,0.205,0.625,-0.46,0.667,0.681,-1.445,0.049,0.887,-2.556,0.922,-0.042,1.605,-0.996,-0.873,0.235,0.332,1.231,-0.177,0.479,1.247,0.658,-0.86,-1.607,-0.408,-0.061,-1.397,2.272,-1.299,-0.287,-1.713
-18.067,-1.471,-1.606,-0.78,-0.246,2.349,0.751,-0.053,0.193,-0.335,1.553,-1.703,1.187,-1.971,0.384,1.041,-1.16,-0.4,-0.67,-1.76,0.209,1.312,-2.227,0.903,-0.975,-1.098,-1.193,0.066,-0.683,-0.249,-0.349,0.257,0.754,-1.033,0.214,0.495,0.123,0.408,-0.138,-0.084,-0.674,0.254,0.155,-0.151,0.14,-0.607,-0.371,0.711,-0.946,-0.568,-0.878,-0.181,-1.058,-0.505,0.201,-2.019,-2.547,-1.038,-0.354,0.145,-0.073,-1.845,0.371,0.432,0.096,0.769,1.051,-1.228,0.049,0.451,1.841,1.724,-0.368,-0.376,0.964,1.812,-0.816,0.104,-0.891,0.586,1.104,-0.731,0.149,-0.44,0.365,1.079,0.941,0.455,0.713,1.896,-0.784,0.284,1.173,0.733,0.169,0.682,-0.183,0.275,0.849,0.116,-0.32
-5.368,-0.478,0.197,-0.641,-0.32,-1.412,-1.308,2.606,-0.555,-2.001,-0.064,-1.041,-0.106,-0.412,-0.533,0.321,-1.393,0.434,0.277,-0.393,-0.445,-1.656,-0.185,-0.13,1.516,-1.403,-0.06,-1.93,-0.462,-0.507,0.241,-0.687,0.678,1.029,1.96,-1.397,-2.362,-1.401,1.133,-1.267,0.291,0.579,0.007,-0.446,-0.545,-0.667,0.199,1.468,1.161,0.314,0.74,0.802,0.016,0.252,-0.098,0.751,-0.314,-0.624,-1.595,0.926,1.163,-0.821,0.213,-0.203,0.833,-0.618,-0.553,1.496,0.546,0.235,0.345,-0.648,1.549,1.956,1.271,0.453,-1.119,1.972,-0.972,0.6,0.659,-0.336,-1.08,0.731,-0.996,-1.335,-0.34,-0.086,1.219,0.618,0.791,0.644,0.363,-1.468,-0.819,0.482,-0.217,0.279,0.196,-1.175,0
-36.699,0.418,0.263,-0.681,1.363,-0.017,0.528,-0.073,0.275,-0.017,-1.008,0.769,0.202,0.826,-0.823,-1.558,-1.002,-0.188,0.432,-0.937,-1.658,-0.556,0.502,-0.061,0.079,-0.759,1.95,-0.72,-0.795,-0.028,0.517,-0.015,-1.038,-0.466,-0.011,-1.493,-0.808,0.454,1.054,-1.017,-0.472,-0.599,1.267,-0.596,1.179,0.834,-0.642,0.46,0.547,-0.016,-1.526,-0.754,-0.3,-0.804,0.824,0.436,-0.932,1.297,-0.85,0.403,1.045,-0.407,0.041,-0.365,-0.363,-1.752,1.916,-0.207,-0.727,-1.28,-2.71,1.236,0.811,-0.415,-0.117,0.444,-1.87,-1.443,-1.328,0.077,-1.396,0.92,-1.475,-0.769,0.095,0.146,1.801,1.216,-1.03,0.861,0.353,1.253,0.125,-1.037,2.522,-0.768,0.592,-2.182,-1.183,-0.092,1.262
-0.285,1.359,-0.986,-2.033,-1.228,-0.544,-0.534,-0.296,-0.551,-0.241,-0.893,-0.745,0.78,-0.562,-0.047,0.626,1.348,-0.994,-0.961,-1.765,0.582,-1.64,-0.587,0.034,-0.31,1.434,-1.4,0.35,-0.625,-0.248,1.108,-0.855,-1.086,0.617,-0.14,-0.065,-0.855,-1.069,0.592,1.32,0.282,-0.473,-0.245,-1.273,-0.393,1.314,0.205,0.362,-2.217,0.648,0.025,0.178,-1.544,-0.545,0.794,-0.674,-0.585,1.285,-1.851,-0.37,0.582,-1.561,1.888,-2.324,0.953,-0.152,1.096,-1.034,-0.617,1.831,-0.382,1.034,3.431,-0.613,-0.771,-0.282,-1.627,1.797,-1.828,-0.142,0.378,0.005,-0.465,1.02,0.997,-1.563,2.226,1.742,-1.049,-0.416,-0.439,-0.023,-0.065,-0.516,0.509,-0.62,0.247,0.707,-2.137,-1.788,-1.4
-28.382,-0.103,-2.889,0.501,-0.511,1.8,-0.398,0.734,0.921,-1.792,-0.655,-0.486,-0.542,-1.227,-0.563,1.974,-1.776,-0.922,0.027,-1.759,-0.711,0.289,0.556,0.988,0.147,0.864,-1.181,0.44,0.573,-0.387,-0.867,-1.872,-1.683,2.308,-1.67,1.04,1.132,0.202,-0.452,-0.73,-1.345,-0.267,0.082,-1.864,-2.116,1.449,1.285,-0.692,1.046,-0.08,-0.135,0.208,0.708,-1.229,0.532,0.411,0.151,2.039,0.64,-0.81,-1.175,-0.532,1.209,-0.016,0.376,-0.878,-0.06,1.269,0.404,0.772,-0.685,0.416,0.518,-1.405,1.294,0.523,0.52,-0.26,0.877,0.88,0.151,0.165,-0.194,0.137,-1.618,-0.266,-0.3,0.725,0.763,0.468,0.525,-2.013,-0.626,-1.293,0.142,-0.048,0.113,-1.941,0.347,-0.197,0.011
-8.595,0.388,-0.64,-1.532,-0.731,1.011,-0.79,0.401,2.189,2.05,-1.434,-0.353,-2.027,-0.334,0.787,0.303,0.37,-0.023,-0.37,0.722,1.369,2.292,0.784,2.2,-1.561,-0.739,-0.243,-1.498,-0.093,2.001,0.001,0.741,-0.028,-0.253,0.166,0.337,0.706,0.623,0.898,-1.996,1.223,-0.091,0.064,-0.791,-0.272,1.079,-1.549,-0.088,2.764,-0.661,-0.204,0.803,-1.32,1.185,-0.065,1.208,-1.284,-0.143,-0.08,-1.515,1.104,2.412,-1.087,-0.056,0.395,-0.148,-1.28,2.01,-1.148,-0.768,-0.822,0.018,-0.175,-0.275,-1.086,-0.798,-0.936,1.295,0.968,-1.223,1.28,-1.467,-0.924,-0.155,1.941,1.498,-1.694,-0.003,-1.462,-0.544,-0.344,-0.449,1.373,-0.325,1.749,0.115,-0.817,1.519,-0.512,0.204,0.856
-47.301,-0.054,0.571,-0.025,0.02,-0.564,-0.23,-0.538,0.964,-1.117,1.418,-0.062,-0.022,0.006,-0.648,1.99,0.042,-0.011,0.808,0.106,0.061,0.872,0.4,0.59,-0.246,-1.543,-0.372,0.046,1.161,0.852,0.405,-0.346,0.974,0.746,1.097,-1.27,0.834,-0.077,0.512,-1.177,0.032,0.514,0.028,-1.888,0.487,0.283,-0.653,0.47,0.36,-0.409,0.791,-1.595,0.459,-1.412,0.475,-0.919,-0.509,0.265,1.209,0.99,1.148,-0.095,0.367,0.424,-1.617,-0.379,-1.472,0.457,1.827,0.05,0.661,0.111,0.566,-2.426,-1.314,-0.502,0.932,-1.328,1.133,-1.433,0.387,-0.221,-0.642,1.05,-0.494,0.532,0.423,0.417,-0.678,2.371,1.089,0.147,0.662,-1.151,0.533,-0.589,-1.544,0.392,0.528,-0.063,-0.206
21.201,-1.377,-0.06,0.593,-1.573,0.205,0.877,-1.083,0.742,-1.354,-0.594,1.62,1.222,0.247,-0.78,0.48,-0.133,-0.5,0.298,0.39,-0.253,-0.37,-2.282,-0.453,-0.523,0.385,-0.561,-0.664,-0.572,1.603,-0.395,-1.393,0.545,1.584,1.078,-0.755,-0.35,0.212,1.744,1.449,-0.347,-0.219,1.404,-1.261,-0.916,-0.145,-0.33,-0.748,-0.923,-0.438,0.275,1.6,0.243,-0.045,0.375,0.791,-2.338,-1.537,-0.112,1.087,1.339,0.303,-0.767,-0.749,-0.088,-0.304,1.364,-1.599,1.581,1.51,-0.413,-0.283,1.167,-0.984,0.202,1.225,-1.14,-0.174,0.214,-1.256,0.474,3.495,-0.469,-0.448,-1.689,-0.055,0.738,-0.751,0.789,-0.421,0.068,-1.429,-1.241,-0.538,1.107,-1.291,0.195,0.463,-0.357,2.373,-0.35
-46.298,-0.415,-0.098,-0.198,-0.703,1.165,0.454,0.848,0.037,0.451,1.119,1.246,-0.174,0.448,-0.902,0.545,-0.014,-0.182,0.023,-1.644,1.009,1.299,-0.207,0.129,2.486,-1.454,-1.004,-0.352,-2.913,-0.391,-1.124,-0.781,0.14,0.282,0.178,-2.057,0.193,-2.31,1.421,-0.274,-0.937,-0.231,-0.419,0.265,0.081,0.485,0.314,0.338,0.406,-1.558,1.162,0.499,1.101,-0.522,-0.373,-0.208,0.177,0.258,0.89,-1.29,-0.402,0.908,-1.219,0.073,0.109,1.914,-3.007,-2.118,-0.613,-0.915,0.456,1.592,0.548,-1.229,0.435,-0.237,0.515,0.276,0.755,-1.035,0.467,-0.296,-0.199,0.06,1.052,-0.69,0.12,-0.377,0,1.115,0.004,0.623,-0.829,0.068,-0.768,0.095,-0.522,0.836,0.211,-0.12,0.858
-3.943,-0.394,0.561,0.892,0.716,2.236,-0.232,0.119,2.181,1.033,2.384,2.009,0.664,-0.245,1.129,-0.233,-0.366,0.19,1.102,-0.655,-0.655,-0.155,0.264,0.274,1.725,-0.149,0.884,-0.861,-1.221,-2.514,-0.484,0.617,0.641,-1.725,0.507,-1.355,0.367,-0.915,1.228,-0.05,-1.806,-0.163,1.593,-0.617,0.903,-2.487,-0.409,0.259,0.667,0.307,1.361,0.368,-0.037,-0.769,0.817,0.547,-2.016,-0.695,0.181,0.34,0.653,-0.267,-0.781,-0.973,-1.835,0.213,1.469,-0.107,1.11,-0.373,-0.763,0.022,0.409,-0.957,0.016,2.147,-0.882,1.748,-0.649,-0.022,1.468,0.9,-0.069,0.719,-0.047,2.07,0.196,-1.214,-0.849,0.409,0.513,0.63,-0.607,-1.042,-0.456,0.689,-0.148,-1.343,-1.696,0.314,0.334
-2.523,-0.059,-1.186,-0.026,0.465,0.302,0.87,0.482,-0.08,-0.196,-0.403,-1.854,-0.548,-0.076,-0.384,-2.056,-0.105,0.503,-0.162,-0.089,2.634,0.318,0.11,1.285,0.394,-0.679,0.194,0.648,1.298,0.592,-0.442,-0.276,1.238,0.421,-1.047,0.216,-1.106,-1.58,0.366,-0.126,2.534,-1.818,-1.079,1.046,-1.085,0.834,0.933,-1.579,-0.351,0.063,0.363,-0.411,-0.609,-2.175,0.36,-0.37,0.053,-1.197,1.931,-1.055,-0.713,1.332,0.112,0.258,-0.724,-0.266,-0.712,-0.206,0.276,-0.808,0.566,-0.653,-0.41,0.616,0.773,1.18,0.38,-1.178,2.48,-0.762,-0.828,1.288,0.294,0.195,0.366,-0.687,0.078,-1.728,0.308,-1.844,-0.057,-1.618,0.053,0.78,1.253,0.165,-1.264,1.542,1.111,1.772,-1.75
-15.119,1.1,1.097,-0.648,-0.974,-1.043,1.656,-0.291,1.376,0.227,0.37,-0.463,-0.917,1.123,-0.593,-1.147,1.66,1.674,0.087,-0.689,-0.305,-0.071,0.638,-0.416,-0.397,-0.398,-1.524,-0.709,1.006,-0.742,-0.184,1.6,0.567,-1.285,1.625,0.575,0.922,0.654,-2.42,-0.219,0.29,0.855,1.194,0.059,0.712,-1.312,1.023,0.532,-0.193,1.109,-1.129,0.927,-0.361,-1.028,-0.815,-0.454,2.021,0.837,-0.177,-2.29,0.38,-0.193,0.274,-0.969,-1.651,1.091,-0.177,1.92,1.038,-0.441,1.22,0.644,0.812,-1.159,-0.234,0.203,-0.64,2.16,1.44,-0.704,-1.295,-1.458,0.994,0.616,0.036,0.228,0.043,-0.201,-0.432,1.934,0.84,0.532,-0.159,-1.843,0.743,1.059,-0.368,1.023,0.711,-0.083,-0.262
22.88,0.763,-0.005,0.646,0.559,-0.984,-0.006,-1.652,1.575,-1.102,-0.575,1.043,0.437,1.581,-0.125,-0.18,1.555,2.547,0.017,0.142,0.098,0.183,-0.184,0.378,0.759,0.399,-0.295,-0.4,1.451,1.702,-0.681,-0.15,-1.348,0.405,0.073,1.079,-0.246,-0.444,-2.131,-0.202,0.513,-0.781,-0.803,-0.272,-0.53,-1.305,-0.503,-1.016,-0.683,-1.072,-1.348,0.865,0.622,-0.095,1.69,-4.303,-0.921,-2.159,-1.105,0.785,-0.348,0.741,0.5,1.844,0.734,-0.072,1.241,-1.402,-1.035,0.008,-0.59,1.259,0.455,0.546,-1.257,-0.409,-0.307,-0.288,-0.306,-0.018,-0.193,-0.718,-0.756,-1.694,-1.262,-1.793,0.596,2.837,0.248,0.597,2.055,1.145,0.773,-0.561,-0.762,-1.45,-1.793,-0.701,-0.291,-0.229,1.699
-83.26,-0.165,0.707,-0.434,-2.433,2.006,0.47,0.069,0.16,0.955,2.919,-0.304,-0.385,-0.828,-0.483,-1.1,0.443,0.522,0.15,-0.537,-0.689,0.779,0.607,-0.555,-0.133,0.604,0.112,0.147,-0.277,-3.119,-0.665,1.511,-0.723,-0.537,2.032,-2.241,0.567,-1.03,-1.733,0.372,0.006,-0.743,1.386,-0.308,-0.856,-0.567,0.322,0.444,-0.373,-1.61,-0.436,0.722,-0.83,0.201,-0.623,-0.8,0.569,-1.514,0.284,0.682,-0.372,1.578,-1.046,-0.937,0.391,-1.349,-0.714,-1.489,-0.931,0.7,-1.353,0.464,-1.113,0.626,-1.303,-0.752,-1.55,-1.274,-0.61,1.018,1.223,-0.057,0.127,-0.8,0.888,-0.285,-0.813,1.582,1.151,-2.747,0.387,0.424,0.851,0.817,-0.615,1.087,0.097,-2.226,-1.78,0.017,-1.763
-13.785,-0.253,1.034,1.773,-0.34,-2.071,0.278,2.391,-3.253,0.313,-1.079,0.318,0.842,0.491,1.671,-1.569,-0.439,-0.892,0.483,1.42,0.314,-1.257,-0.763,-0.14,0.345,0.288,0.811,2.13,1.487,0.447,0.118,0.415,-0.096,-0.449,2.079,0.2,0.513,0.578,0.769,-0.308,0.151,-0.122,1.675,1.73,-1.82,0.254,0.402,-1.158,0.016,-0.584,0.715,0.271,0.415,-1.016,-0.036,-0.261,-1.842,1.754,-0.188,-1.282,-0.727,-0.905,-0.799,0.288,1.24,-0.005,-1.399,0.575,-0.054,2,0.195,-0.545,-0.352,-0.634,-0.869,-0.296,-0.621,0.044,-0.857,-0.879,1.222,-0.399,0.848,-0.605,1.056,0.085,-0.894,1.508,-1.637,0.72,-0.103,-0.288,0.746,-0.348,0.741,-0.064,-1.516,-1.967,0.812,-0.284,2.126
-116.396,0.697,0.223,-0.018,0.713,3.056,-0.978,-1.462,-0.33,0.101,1.178,-0.649,0.953,0.019,0.686,-0.048,1.21,0.728,0.883,0.526,0.92,1.993,0.668,0.489,-1.242,-1.622,-1.457,-0.088,-1.017,1.342,-0.176,-0.738,-0.626,-1.506,-0.446,-0.681,-0.668,0.262,-0.428,-0.24,-1.348,0.614,-1.146,1.261,1.319,0.027,-0.806,-0.617,-2.433,-0.951,0.138,0.314,0.117,0.898,0.344,-1.348,0.057,0.134,-0.202,-2.191,0.903,0.617,-0.737,-1.803,-1.219,-0.404,-0.514,-0.823,2.757,1.066,-1.635,-0.123,-2.616,0.635,-0.945,0.268,0.524,-1.24,-1.581,-1.334,-0.053,0.05,-1.094,-1.025,-0.611,-1.473,-1.192,-0.647,-0.095,1.405,-0.591,-0.995,2.254,1.265,0.016,0.165,0.119,-0.129,2.417,0.132,0.435
-44.141,0.557,-0.879,0.853,-0.659,-0.261,-0.927,-0.985,0.457,0.748,0.87,-1.869,-0.411,1.321,-0.728,-0.598,-1.423,-1.159,0.316,-0.36,-1.512,-0.351,-0.029,-1.866,2.478,0.643,1.708,-1.467,1.012,0.52,-1.755,-1.61,-0.752,-0.976,0.637,0.372,-0.382,-0.394,1.115,-0.162,-0.04,-1.669,-0.416,-0.212,0.474,-1.019,-0.311,0.474,-0.206,-0.911,-1.832,0.756,-1.808,-0.259,0.553,-0.806,1.516,0.003,-0.895,-0.647,-2.125,-1.534,-0.563,0.01,1.435,0.572,-1.427,-0.056,-1.682,1.487,-1.752,0.334,0.308,-0.313,1.095,0.026,-0.122,1.661,-0.377,-0.301,-1.42,-0.062,-0.693,-0.333,0.898,0.893,-0.383,0.294,0.291,0.422,0.253,0.379,0.074,-1.689,1.282,-0.377,-1.598,-0.418,-0.336,-0.829,0.001
-56.817,-0.689,1.163,0.205,-0.036,-0.454,1.92,-1.336,-1.304,0.999,0.931,-1.207,0.101,0.93,0.302,2.417,-0.059,1.493,0.228,0.426,-0.015,0.401,-0.213,0.965,1.47,-0.378,-1.608,0.652,-0.63,-1.343,1.428,-0.518,-1.227,0.099,0.057,0.276,-0.8,-0.052,-1.286,-1.052,0.852,-0.294,-0.756,-1.591,-0.349,-0.425,0.906,-0.336,0.531,-1.298,0.212,-0.189,-0.975,0.904,1.169,-1.988,0.344,1.417,1.547,-1.305,-0.178,1.164,0.794,-0.871,1.266,-0.936,0.244,-1.353,-0.446,-0.671,2.347,0.605,-1.133,-0.44,0.847,0.115,0.062,1.01,-1.1,0.152,-0.382,-0.173,1.425,0.224,-0.958,0.775,1.093,0.588,0.07,-1.423,-1.504,-0.039,0.791,0.234,-0.124,-0.223,-1.497,0.347,-0.534,-0.016,-0.218
-30.387,-0.707,-2,-3.008,-1.593,0.158,0.881,-0.365,-1.291,-0.733,1.025,1.897,0.921,1.076,0.258,0.11,0.204,-0.848,-0.108,-0.411,0.606,2.135,2.565,-0.215,0.196,1.11,-0.032,0.88,-0.281,-0.106,-0.06,1.183,-0.171,-0.96,0.451,-0.272,-0.617,1.14,-0.697,0.193,-0.429,-0.123,1.091,-0.608,2.089,-0.957,1.258,1.589,0.176,0.527,0.022,0.377,-0.065,-1.241,-0.796,-0.939,0.994,0.712,1.364,-0.415,1.833,0.887,-0.359,0.584,1.32,-0.704,-0.975,-0.674,1.265,-0.772,-0.657,0.114,-0.181,0.907,0.316,-1.034,0.238,-0.074,-0.744,-0.269,1.383,-1.019,0.457,-2.134,-0.519,-0.781,-0.367,-0.108,-1.062,-1.255,1.853,1.672,0.213,-0.89,-0.816,-0.059,-0.398,-0.239,0.304,0.556,-1.298
-21.348,0.365,-0.545,-1.366,0.848,0.933,0.742,1.381,0.906,0.481,0.613,-0.262,1.46,-0.3,1.125,0.45,0.743,0.308,1.105,1.071,-1.017,-0.072,-0.663,-0.374,-0.04,0.387,-0.859,0.959,0.354,0.196,0.564,0.21,-0.395,2.112,0.933,-0.767,-1.694,-0.787,0.36,1.021,-0.14,-1.403,-1.526,-0.565,0.299,-0.055,1.048,0.175,0.144,-0.912,1.853,-0.408,0.347,-1.023,0.524,1.047,-0.437,1.144,-1.306,-1.913,-1.819,-0.363,-0.6,0.542,-0.972,-0.756,-1.55,1.692,1,-1.58,0.887,0.716,-1.741,0.162,0.671,1.136,-1.041,1.656,-0.673,-0.439,-0.013,0.257,-0.627,-0.758,-1.808,-1.896,-1.603,-0.096,-0.224,-0.204,-2.196,0.592,-0.618,0.893,0.295,0.113,0.373,-1.247,0.003,-0.068,2.254
14.45,0.769,-0.256,-0.424,-1.85,0.303,0.148,-0.153,-2.796,-0.989,0.608,1.788,-0.397,1.045,-0.31,0.491,-0.378,1.933,0.589,1.047,1.116,-0.602,2.282,-1.359,-0.873,-0.44,-0.814,-0.757,-1.361,1.993,-0.569,-0.207,-1.734,-1.181,-1.219,-0.47,0.792,0.601,-1.798,-1.407,-0.465,-2.209,-0.345,-0.117,0.945,-0.697,-0.827,-0.029,-0.179,0.25,-1.45,-0.266,-1.079,-0.041,-0.151,0.846,-0.489,-0.182,-1.045,2.606,0.131,-0.01,-1.522,0.88,0.415,0.267,0.998,0.938,-1.463,1.155,0.833,0.521,-0.121,0.546,0.839,-0.762,0.588,-0.729,-1.189,-0.563,-0.97,0.482,-0.696,0.3,0.597,-0.34,0.256,1.91,-0.187,-0.092,-0.976,-1.878,-0.615,-1.672,0.674,-0.671,-0.976,0.278,-1.587,-1.148,0.195
47.905,-0.112,-0.166,0.237,-0.324,-1.956,0.485,-0.256,0.234,2.23,-0.893,0.867,-0.483,0.709,0.825,0.05,2.379,0.703,-0.316,-0.361,-0.26,2.053,0.502,0.105,-0.02,2.05,-0.724,-0.616,0.811,0.1,-0.664,-1.114,2.301,2.306,0.891,-2.295,-0.208,0.875,0.982,-0.629,2.387,-0.021,0.452,-0.638,1.253,0.027,-1.786,-1.895,2.483,0.992,-1.675,0.086,0.328,-0.43,0.318,0.374,0.717,-1.354,1.639,-0.081,-0.119,0.204,-0.229,-0.406,0.954,0.321,0.057,1.251,2.446,0.277,2.142,-0.907,-1.917,-0.843,0.111,1.019,-0.329,1.447,0.453,1.124,1.408,0.909,-0.566,0.567,-0.518,0.543,0.42,-0.278,0.564,-0.408,1.796,0.583,0.515,2.026,-1.253,2.533,0.14,-2.369,1.412,0.746,-2.041
-80.233,0.881,1.02,-2.343,-0.255,0.354,0.152,-1.289,-0.269,0.457,0.452,0.703,-0.316,-1.269,1.175,0.655,-0.888,0.016,0.366,-0.246,1.036,-0.992,0.196,0.911,-0.143,0.451,-0.591,-0.829,0.189,-0.165,0.063,1.837,0.584,0.454,0.974,0.095,-1.597,0.457,1.215,0.138,0.692,-0.634,1.097,0.949,-1.038,-0.312,0.504,-0.518,1.038,1.02,0.596,-0.199,-0.545,1.356,0.868,-0.384,1.607,0.897,1.752,-0.879,-1.517,0.354,-0.012,-1.684,-0.253,-0.902,0.662,0.371,0.835,2.24,-0.598,-1.094,0.723,-0.075,-1.164,0.715,-0.701,0.249,0.431,-1.073,2.458,0.457,-1.81,0.591,0.008,0.443,0.937,-0.031,0.711,-0.707,-0.403,-0.294,0.082,0.483,-0.078,-0.642,-1.202,-0.015,-0.005,0.192,-0.438
-69.677,0.398,0.136,0.962,0.061,0.45,0.042,0.065,-0.659,-0.036,-0.375,1.624,1.21,-0.932,1.976,0.532,-1.036,0.641,-0.761,2.633,0.491,0.135,0.504,1.198,0.045,-1.042,-0.624,-1.403,0.059,-0.449,1.842,-0.698,-0.295,0.282,-0.291,-2.193,1.605,-0.297,0.034,0.915,0.101,0.955,-1.707,-0.918,0.321,-0.002,-0.414,0.129,-0.14,-1.034,-0.296,0.561,0.493,1.063,-0.401,0.227,-0.687,0.382,0.431,-0.412,-0.967,-1.146,0.965,-0.75,-1.869,0.616,0.729,0.048,0.416,1.148,-0.313,-2.489,-0.449,-0.461,0.165,-1.189,0.651,1.438,0.232,-2.273,-0.732,1.416,1.766,0.192,0.579,-0.28,-0.647,-0.336,1.353,0.743,-0.826,-0.884,0.298,0.209,-1.594,-0.163,-0.057,1.311,-0.291,-0.25,1.915
75.141,-0.612,0.407,-0.604,-0.823,0.66,0.223,1.035,0.063,-0.49,2.84,-1.59,-0.753,1.374,-0.036,0.771,2.368,1.655,-0.388,0.083,-1.326,-0.458,-1.419,-1.692,0.478,-0.056,-0.798,0.426,0.832,0.109,0.325,0.883,2.212,0.725,1.413,2.383,-0.792,-0.081,0.51,-0.87,0.943,-0.861,-1.093,-1.497,-0.157,0.464,-0.467,-1.223,-1.307,0.756,-0.693,0.447,1.478,1.667,1.764,0.545,-0.226,0.608,0.443,0.455,-0.714,-2.656,0.184,0.26,-0.011,-0.276,0.358,1.564,0.15,0.324,0.876,-1.367,0.822,0.073,-0.358,-1.248,-2.001,0.136,1.704,0.665,0.702,-0.546,1.733,1.697,0.434,-0.32,0.123,1.904,0.699,0.296,-1.11,-1.199,-0.999,2.752,-1.826,0.475,-1.14,-1.212,0.526,0.755,0.374
-4.861,0.341,-0.07,-0.753,1.83,-1.031,-1.01,2.26,0.054,-0.221,0.732,-0.61,-0.649,-0.461,0.071,0.993,0.561,-0.86,-2.351,-0.994,1.11,-0.048,1.856,-0.235,0.525,-1.004,-1.265,0.225,-0.297,0.078,1.283,0.807,1.473,1.124,-0.252,0.068,1.326,0.56,-0.272,-1.543,0.095,2.594,0.26,-0.061,-0.306,-0.339,0.285,-0.092,0.194,-0.244,1.939,-0.268,-0.436,-0.696,0.361,0.508,0.367,-1.154,-1.681,0.8,-1.666,1.931,-0.207,0.318,-1.028,-0.407,0.046,-0.66,0.13,-0.265,0.283,-0.501,2.433,-0.626,-0.504,-0.215,-0.728,-0.214,-0.313,-0.105,0.701,1.503,-0.556,0.713,0.076,0.998,-0.063,-2.225,1.477,0.148,1.15,0.53,0.249,-0.403,-0.524,-0.486,-0.339,-0.114,0.28,0.146,0.741
-7.588,-1.129,-0.248,-1.556,-1.43,-2.371,2.401,1.315,0.247,-1.101,0.841,-0.313,-0.254,1.316,1.234,1.044,-0.446,0.617,-0.765,0.344,-0.359,-0.192,2.201,-0.313,1.986,-1.366,-0.14,-0.675,1.928,1.529,-0.96,0.348,-0.407,0.34,1.669,-0.179,1.284,0.499,-0.535,0.047,-0.015,0.465,1.105,-0.222,-1.802,2.137,0.268,-0.521,0.335,-1.949,2.139,-0.314,-0.246,-2.23,1.626,-1.952,1.011,1.061,-0.349,0.665,-0.304,0.623,-0.07,0.318,-1.043,-0.413,-0.438,0.324,0.142,0.098,-0.064,0.747,1.204,0.335,0.613,-0.058,0.53,0.064,-0.954,-0.43,0.868,-0.533,0.407,-0.451,0.258,0.804,-0.406,-1.936,1.285,-0.851,1.315,0.514,0.45,0.744,0.54,0.621,1.159,1.183,-1.915,-0.223,-0.556
-30.538,1.433,0.696,-1.454,0.254,-0.325,0.802,-0.87,0.124,0.063,-2.22,-0.922,-1.296,0.659,0.286,0.058,-0.934,1.336,0.462,0.05,1.723,-1.021,-0.123,0.476,0.365,0.229,-2.036,1.314,1.1,0.448,-0.76,1.348,-0.074,-1.99,0.307,-2.244,-0.264,-0.071,1.029,-0.431,-1.302,1.131,0.269,-0.086,0.286,-0.239,-1.531,0.888,-1.798,-0.06,1.308,-0.611,-1.285,-1.473,0.078,-0.688,0.991,0.472,0.666,1.075,-0.601,-0.618,-0.062,-0.318,-0.539,-0.114,1.359,1.041,-1.319,0.568,-1.309,-2.582,-0.425,-1.029,-0.697,-0.735,0.803,-0.159,-0.585,1.703,0.425,-0.245,0.532,-0.44,1.292,0.362,-2.41,-0.534,0.153,0.938,-0.473,1.246,1.516,-1.256,0.82,-0.966,0.652,2.131,-0.484,1.692,-0.305
-50.414,1.98,1.146,0.056,-2.94,-0.944,-0.251,-0.503,-0.535,0.584,-1.327,-0.256,-0.425,-1.071,0.216,-1.263,0.48,-0.534,2.174,-2.507,-0.804,-1.441,-0.948,1.256,0.278,0.246,0.856,-0.329,-2.482,-0.585,-0.717,-0.637,0.137,1.682,-1.829,-1.333,0.395,-0.288,1.089,-0.886,-1.751,0.434,1.565,1.583,-1.562,0.068,-1.709,1.98,-0.952,2.358,0.955,0.116,-1.14,-0.788,-0.238,-0.28,-0.586,-0.683,-1.399,0.284,2.308,-0.365,-0.784,-0.473,1.966,-1.243,0.371,0.419,1.89,1.013,0.614,0.379,0.505,0.045,0.719,-1.516,1.342,-0.694,0.465,-1.566,0.734,-0.478,-0.534,1.188,0.667,-0.595,1.456,-0.399,-0.804,-0.734,0.953,-1.62,0.203,-0.523,1.305,-0.267,-0.1,-0.194,0.863,0.743,-1.45
41.877,-0.367,-2.403,0.509,0.002,-0.766,1.213,0.607,0.258,-0.513,-0.977,-2.083,-0.399,-0.539,1.375,-2.654,0.237,0.528,-2.037,0.328,1.427,0.762,-1.134,-0.704,-0.416,0.804,-0.497,-0.994,-0.143,-0.576,1.828,1.399,0.173,-0.706,1.125,-1.666,-1.196,-0.868,1.814,2.056,-0.418,1.319,0.306,0.036,0.55,1.376,0.357,-0.792,0.987,0.827,-0.414,-0.804,1.298,0.283,-0.401,-0.536,0.716,-0.384,-1.546,1.5,0.413,-1.36,-0.44,-0.489,0.928,0.05,0.944,1.306,0.1,-0.072,-1.338,-0.586,-0.042,-2.316,-0.794,-0.504,-0.063,0.464,0.36,0.966,1.557,-0.322,1.005,-0.903,1.094,1.233,1.598,-0.189,0.553,0.1,1.596,0.638,0.376,-1.216,-0.997,-1.158,-0.336,-2.273,0.068,0.943,1.001
-36.908,-1.044,0.573,-2.098,0.51,-0.954,-0.627,-0.01,1.388,-0.813,-0.587,-1.417,0.06,-1.297,0.887,-0.449,-1.339,-0.074,0.159,1.116,-1.087,0.697,-0.671,0.611,0.187,1.508,-1.088,-1.271,-0.653,1.289,-0.498,1.23,-0.714,-0.558,0.459,-2.211,0.535,-1.5,-0.574,0.026,0,-0.274,0.129,-1.999,-0.775,-1.329,1.324,0.353,-0.712,-0.164,0.871,-0.201,-0.735,0.302,0.125,0.363,-0.756,-0.591,1.314,0.241,-0.529,-1.032,0.071,-0.18,0.969,-0.465,1.33,-1.444,0.385,-2.072,-1.501,0.936,-1.041,-0.781,0.694,-0.788,1.134,0.102,-0.944,-0.164,-1.902,1.665,0.223,0.501,0.452,0.537,0.383,-0.15,-0.446,-1.16,-0.687,0.378,-0.293,-1.921,-0.056,-0.106,-1.162,1.411,-0.15,-0.611,0.199
-36.688,0.57,0.375,-1.004,-1.085,-0.398,1.711,0.275,0.667,-1.629,-0.568,0.611,0.681,0.19,0.018,-1.517,-0.107,0.109,-0.757,-0.397,0.572,-1.05,-0.678,-1.093,-0.977,0.428,-0.73,-1.122,0.254,-1.286,-0.772,0.294,-1.609,1.068,-0.834,1.393,1.525,-0.013,-0.68,1.578,-0.749,-0.355,1.383,-1.074,-1.805,-0.111,-0.585,0.021,0.651,1.202,-0.406,0.339,0.262,1.628,-0.374,0.29,-1.394,0.507,-0.027,0.946,-2.195,-2.574,-0.125,-0.148,2.212,-0.9,-1.064,-1.115,-1.026,2.599,-0.599,0.565,-0.633,-0.116,1.158,0.905,1.447,-1.191,-0.928,-0.159,-1.875,3.119,0.702,1.062,-1.377,-2.86,0.594,3.015,0.912,-0.543,-0.089,-1.786,-0.318,-1.284,-1.196,0.433,0.538,0.641,-0.945,-1.083,-1.622
-34.237,-0.135,-0.425,0.536,0.705,-0.311,-0.394,-1.312,1.497,0.569,0.644,0.242,1.569,-3.54,-1.634,-0.318,0.578,1.1,-0.211,1.257,1.425,-1.484,0.329,-0.807,-0.591,0.007,-1.625,0.309,-0.461,-0.243,-0.22,2.996,-0.853,-1.275,0.421,-0.123,0.875,-0.078,-0.138,0.929,-0.034,-0.311,-1.431,0.144,-0.222,-1.056,-1.48,-0.103,1.532,0.697,-0.875,0.338,-0.256,-0.104,0.093,-0.31,-2.011,-0.804,0.984,-0.607,-0.507,0.954,-0.97,0.22,1.136,1.546,-0.957,0.11,-1.105,1.35,0.285,-1.175,-1.528,0.106,-0.321,1.357,1.001,0.042,-0.536,-1.006,-0.087,1.71,-0.305,2.462,-0.31,-0.578,0.184,0.797,-0.219,0.387,0.534,0.715,2.496,0.595,0.84,-0.021,-1.07,-1.009,-0.535,-1.331,0.211
-18.611,2.402,0.951,-0.453,0.331,0.796,-2.321,-0.427,-0.275,0.334,-0.237,1.304,0.811,1.211,-0.1,-0.243,0.454,-0.154,0.756,0.127,-0.406,-0.027,-0.418,1.506,0.927,0.087,-1.765,-1.196,1.079,0.563,-0.017,0.103,-0.829,1.368,-0.644,0.301,-0.571,0.103,1.597,-0.088,1.324,-0.196,1.291,-2.797,-0.53,-0.577,0.863,1.654,-1.058,-2.3,-0.058,-0.709,-0.324,0.353,-1.021,-0.518,-0.276,1.739,1.464,0.405,-0.428,-0.434,1.444,1.627,-1.039,0.002,-0.026,-0.476,-1.052,1.22,0.066,0.485,0.429,-0.681,-0.939,-1.082,0.878,-0.712,-2.22,0.152,-0.142,0.483,0.17,1.56,1.113,3.102,0.678,0.979,0.117,0.551,0.66,-3.176,-1.735,0.23,-0.614,0.979,-1.032,-1.674,-0.574,1.125,1.405
-9.01,-0.039,-0.389,2.165,0.976,0.986,1.364,-0.926,0.583,-0.211,-0.299,-0.335,-1.271,0.291,1.13,0.293,-1.19,-0.156,-1,1.08,0.049,0.943,-3.671,-0.315,-0.501,0.865,0.515,1.451,0.058,0.256,0.621,-0.305,-0.091,0.404,-0.001,0.946,-1.132,0.905,1.003,-0.654,1.223,-0.245,-1.252,0.74,0.19,-0.35,-0.371,0.379,-0.116,-0.243,-0.347,0.523,1.162,0.908,0.333,-1.242,-0.538,-1.016,-0.022,1.796,0.808,0.448,-1.264,-1.377,1.033,0.178,0.114,0.929,-0.244,-0.849,-0.234,-0.791,1.091,-0.537,0.47,1.115,-1.366,-0.312,0.09,-1.434,-1.947,-0.093,1.221,-1.718,-0.293,-0.318,-0.01,1.004,-0.996,-0.151,0.259,0.559,0.63,-0.544,-0.838,-1.026,0.013,1.086,0.322,0.334,1.437
-75.465,0.69,-0.284,1.246,-0.843,-0.795,1.132,-0.929,0.503,-0.551,1.19,-0.385,1.505,0.815,-0.511,1.672,1.973,-0.386,-0.944,-0.033,-1.031,-0.629,-1.03,-1.904,0.058,-0.969,-0.278,0.387,1.548,-2.276,1.282,0.278,-0.551,-0.699,-0.797,0.715,0.243,-0.415,0.189,-1.351,0.051,0.272,-1.936,-0.075,2.404,0.278,-0.457,1.166,2.194,0.615,0.375,-0.354,0.311,1.341,-0.08,-0.44,-1.817,-0.398,0.264,1.322,0.308,-1.391,-0.734,0.57,0.305,-1.021,-0.822,-1.887,0.253,-0.188,-1.243,-1.002,0.735,-0.101,0.485,0.8,0.946,-1.01,-0.861,-0.102,-0.736,-1.676,-1.393,0.328,1.013,-1.231,-0.183,-0.323,-0.914,-0.217,1.025,0.754,-0.433,-2.67,0.001,0.016,-0.213,-0.136,0.322,0.659,-0.024
-28.824,0.028,0.857,0.595,-0.971,-0.309,-0.774,-0.719,-0.743,0.258,-2.109,-0.421,0.807,-0.222,-2.308,1.698,-1.076,-0.847,-0.032,0.096,1.031,-0.631,-0.424,-0.076,-0.365,-0.896,-0.783,1.018,0.211,0.558,-0.747,-1.5,-0.298,0.519,0.51,-1.281,-0.899,-1.326,0.965,0.295,-0.125,-0.595,0.921,-0.346,1.929,0.04,-1.364,-1.6,0.041,1.51,0.015,-0.778,1.137,-0.328,0.17,-0.64,0.528,-2.267,-2.247,0.087,0.336,-1.129,0.19,-1.149,-2.082,0.505,-0.435,0.317,0.212,-0.647,1.869,0.682,-0.107,-1.149,1.564,-0.283,-0.715,-1.23,0.074,1.604,-0.51,-0.822,0.219,-0.9,-0.14,0.769,0.409,-0.491,1.667,0.117,1.409,-0.106,0.489,-0.571,-0.861,-1.125,-0.045,-0.315,-0.714,-0.726,0.218
11.334,-0.743,1.72,0.005,-1.772,0.361,-1.41,-0.415,-0.817,-1.375,-0.073,-0.958,0.065,1.435,0.275,0.919,0.194,-2.173,-1.515,-0.51,0.797,-1.024,0.924,0.256,0.12,-1.018,2.061,1.184,0.396,-0.335,-0.585,-1.196,-1.263,0.042,-0.147,0.653,-1.279,1.256,1.329,0.881,0.985,-1.034,-0.601,1.768,-2.209,-1.837,0.073,2.272,-1.872,1.513,-0.345,0.797,0.625,1.405,-0.225,0.873,-0.76,0.164,-0.472,-2.132,1.445,0.46,0.142,-1.246,0.584,-0.525,-0.082,0.52,-1.328,1.294,0.145,-0.911,-1.99,1.105,-0.774,-1.102,0.618,1.5,0.213,-1.397,-0.188,1.86,-1.391,-1.463,-1.4,0.567,-0.152,-0.193,-1.379,0.373,1.484,-0.092,2.056,2.526,-0.268,-1.251,1.135,1.048,1.751,0.382,-0.44
54.477,0.189,0.27,0.279,-0.322,1.399,-1.835,-0.006,1.87,-1.473,0.863,0.249,1.344,0.19,-0.622,0.232,1.086,-0.718,-1.619,0.909,-0.667,0.789,-0.689,-1.335,-0.656,0.921,0.339,-1.169,0.328,1.643,1.037,-0.919,1.088,1.194,-0.035,0.642,-0.614,0.717,0.248,2.064,-0.055,-0.392,0.728,0.378,-0.267,1.095,-0.665,-0.747,-0.195,0.156,1.089,-0.905,-0.555,1.165,-0.41,-0.865,-1.245,0.952,0.806,-0.649,-0.04,2.211,-0.775,3.549,0.348,0.26,-0.046,1.287,0.475,0.42,0.252,0.466,0.497,1.275,-1.22,-0.749,-0.76,-0.73,-1.075,-0.277,0.175,1.469,-0.154,0.273,0.557,-0.098,-1.276,1.355,0.269,1.877,0.341,0.754,-0.924,-0.842,-0.329,-0.105,-0.767,-0.231,2.303,0.752,1.435
38.341,-1.805,-0.422,-0.706,-1.339,-0.056,-0.269,0.633,-0.827,-1.445,1.075,-1.179,0.542,-0.982,-0.112,0.422,0.079,1.7,-0.388,-0.388,0.233,1.201,-1.124,2.274,0.943,0.686,1.066,-0.498,0.977,1.57,0.473,0.138,0.666,-0.176,-0.153,1.042,-2.534,1.352,0.23,2.429,0.371,0.801,1.033,-0.722,-0.812,-1.87,0.364,-0.992,0.032,0.803,0.212,-0.961,-1.484,1.221,0.232,-0.224,1.988,0.055,0.029,0.069,-0.729,0.677,0.393,-0.949,1.534,-0.209,-0.516,-1.093,-0.836,-1.914,-0.555,0.755,2.152,2.077,-0.822,-0.509,1.735,1.233,-0.597,-1.208,-0.83,-0.512,-1.279,0.29,-0.163,-0.406,-0.979,0.678,-1.216,-0.671,-1.435,0.629,1.862,0.101,-0.134,-1.466,0.337,-1.007,0.154,0.013,0.115
37.447,1.466,-1.189,0.628,0.688,-1.699,-1.834,-0.509,0.951,-0.361,-0.206,0.496,-0.154,-0.078,-0.114,-0.048,1.47,-0.069,-0.379,2.061,1.862,1.253,1.289,0.146,0.241,-1.626,1.255,-0.368,0.385,2.082,-1.952,-1.036,-1.048,-1.437,1.32,-0.648,0.809,-0.619,0.198,1.602,-0.353,-0.156,0.622,-0.007,0.471,-0.934,-0.464,0.751,-1.651,-0.565,0.474,-0.257,-0.416,-0.073,0.474,-0.712,0.332,-1.287,0.187,0.516,-0.996,-1.179,-0.492,1.819,0.767,1.27,0.872,-0.48,0.073,-1.048,1.138,-1.898,-0.009,0.546,-0.414,1.223,1.188,0.024,-0.482,1.209,-0.98,0.086,0.383,-0.973,0.802,0.73,0.062,-1.628,0.172,0.007,0.267,0.754,0.385,0.202,0.718,-0.385,0.145,-0.341,-1.413,2.039,-1.373
26.259,0.153,-0.331,1.48,0.071,0.232,-0.814,-0.857,-0.266,0.791,-0.434,-0.178,-0.582,0.901,-1.185,-1.594,2.714,-1.278,-1.595,-0.433,-0.056,-0.694,0.966,-0.434,0.175,0.722,-0.286,-0.249,-0.255,-0.633,0.158,-0.464,-0.803,0.641,0.009,0.638,0.385,0.522,0.499,-1.444,-0.466,-0.59,-0.707,1.627,-1.72,-1.034,0.154,0.231,0.835,1.299,-0.492,0.411,-0.209,-1.069,-1.133,1.113,0.229,-1.394,-2.174,0.485,-1.03,0.878,0.638,-0.659,-0.51,-0.595,1.329,-0.04,0.916,-0.092,1.253,0.752,0.373,0.03,-0.99,0.39,1.485,-2.528,1.886,0.704,-0.085,-1.373,-2.078,0.918,0.306,0.68,-0.493,2.109,-1.74,0.707,-1.149,-0.068,0.976,-0.949,0.165,0.989,1.259,-0.653,1.074,1.415,0.019
-46.982,2.173,-0.94,1.083,2.19,-0.119,0.164,1.616,-1.099,0.715,-0.182,0.775,0.887,-1.446,-0.176,1.949,1.116,-0.575,-1.109,-0.63,-0.977,-0.536,-1.42,-1.09,-1.029,-1.16,-0.331,0.636,0.467,-0.116,-0.74,-0.019,-3.06,-1.204,0.274,-2.238,1.198,1.235,-1.25,-0.402,1.565,0.079,0.461,-0.874,-0.439,-1.349,0.812,1.4,1.95,1.411,0.962,-0.395,0.693,-0.638,0.318,-0.135,0.346,-0.584,-1.04,-0.631,-1.817,-0.897,-1.016,-0.884,0.771,-0.939,0.745,0.44,-0.68,0.647,1.272,0.885,-0.776,-0.832,-1.539,0.467,-0.733,0.709,-0.948,1.966,-1.883,1.725,0.736,-0.846,0.512,0.572,-1.878,-0.112,1.845,0.826,-0.016,0.17,-0.315,-0.365,-0.478,0.04,-1.734,-0.278,0.058,-1.235,-0.494
-4.384,0.476,-0.259,-0.813,-1.158,1.772,0.856,0.994,-1.534,-0.565,-0.431,1.248,-2.211,-0.071,-0.521,1.187,0.989,-1.39,0.056,-0.781,0.949,0.089,0.151,-0.885,0.524,0.166,0.622,0.997,-0.431,-1.627,0.802,1.127,-0.971,1.477,0.749,-1.912,-1.88,1.535,0.581,-0.271,-0.046,0.443,-1.016,-0.357,1.234,0.221,0.075,0.539,-0.843,-1.346,-0.082,1.082,1.479,-0.948,1.551,0.792,-1.269,-2.011,1.502,0.884,0.238,-0.84,-0.639,-2.446,-1.283,-1.76,-0.282,-0.505,-0.539,-0.425,0.722,1.534,0.469,-1.788,0.824,0.005,0.105,1.587,-1.259,-1.816,-0.217,0.358,1.38,0.529,-0.346,1.383,0.11,-0.158,-0.189,-0.2,0.619,0.452,-1.204,1.781,-0.672,-2.004,-0.421,-0.15,-0.391,1.656,0.062
29.796,-0.71,0.394,-1.619,1.182,0.343,-0.82,0.697,-1.206,1.418,-0.425,-0.416,-0.155,-0.796,-0.221,1.174,-1.026,-1.503,-1.373,0.112,0.193,1.029,-1.969,0.86,-0.31,1.054,1.918,0.556,1.92,-0.177,-1.001,0.245,-0.762,-1.133,1.03,0.407,-0.007,1.494,0.885,2.955,1.035,0.587,-0.034,-0.144,1.081,0.747,-0.71,1.126,-0.023,0.944,0.496,0.052,-0.833,0.139,-0.279,-0.338,1.582,0.128,1.038,0.796,0.888,0.358,1.047,0.667,0.388,1.94,-0.21,-1.528,1.139,-1.212,-0.344,-0.06,-0.297,0.439,-0.579,-1.25,-0.736,0.007,0.108,-0.548,-0.306,-0.607,-0.172,-0.298,0.94,1.475,-0.144,-0.579,1.548,-1.554,1.115,-0.556,0.983,-0.168,-1.332,-0.71,-0.153,0.197,1.85,-0.201,0.466
-73.006,0.611,-0.852,-0.11,-0.527,-0.623,-0.124,1.7,-1.95,-1.146,-1.354,-0.43,-1.127,-1.545,-0.553,-0.506,1.694,0.931,1.371,0.871,-1.017,0.521,0.865,-0.387,2.272,-0.785,0.974,0.128,-0.75,-0.762,-0.314,0.712,1.457,-1.444,-0.484,-1.687,0.401,-1.278,0.168,-0.682,-3.004,-0.374,-1.203,1.405,-1.344,0.392,-0.436,-0.101,-0.731,-0.156,-0.212,1.255,1.072,0.889,0.697,0.848,-0.541,-1.635,0.371,0.041,-0.244,0.837,-0.799,-0.488,-0.358,0.581,-1.293,-0.448,-0.909,-1.497,0.086,-0.637,-0.461,-0.958,0.038,1.145,-0.053,-0.473,0.436,0.687,-0.671,-0.387,1.097,-0.79,-0.335,0.245,0.416,0.33,1.959,0.558,-0.676,1.189,0.206,-1.633,0.052,1.769,-0.053,1.006,1.545,0.082,-0.628
39.964,-0.934,2.649,0.441,-1.457,-0.44,0.255,-0.978,-0.884,-0.493,-0.197,-0.047,-2.02,2.096,-0.439,0.578,-0.044,-0.291,-2.059,1.42,0.014,-0.518,-2.021,1.69,2.013,0.564,1.334,-0.043,-0.145,-1.994,-0.275,-1.235,2.696,-2.239,-0.741,-0.839,-0.045,-1.397,-0.763,-0.106,-0.895,0.193,-0.352,-0.775,-0.056,1.291,-1.644,0.229,-0.047,0.324,-0.494,0.022,1.64,1.547,0.868,0.382,0.559,-0.37,0.253,-1.926,0.434,-0.766,-0.737,0.202,-0.629,1.414,0.237,1.342,-0.606,-0.796,-1.577,-0.148,-1.29,-0.355,0.228,-1.114,0.441,1.789,2.588,1.392,2.014,-0.818,-0.853,0.695,0.653,-0.678,1.579,0.751,-1.523,-0.13,-1.216,0.123,-0.043,-0.764,0.667,2.426,-0.123,0.913,0.954,-0.116,0.141
30.455,-1.254,0.156,1.351,0.573,-0.505,1.719,2.049,0.973,-0.733,0.234,-0.659,0.223,0.167,-0.568,0.492,0.409,0.677,-0.992,0.693,-1.52,0.645,-0.786,-1.266,0.255,-0.318,0.273,-1.194,-1.931,-0.638,0.274,-1.033,1.163,-0.102,1.02,-0.17,-0.519,-1.989,1.434,-1.357,-0.096,0.717,-0.204,-0.847,0.056,1.006,0.507,-0.281,1.313,-0.916,-1.205,1.112,-1.776,0.157,0.598,0.4,-0.742,2.157,-0.345,0.938,1.814,0.71,0.318,-0.408,1.376,0.021,0.662,0.068,0.516,-0.458,0.358,-0.6,0.043,-0.69,-2.089,-1.555,-1.079,-0.216,1.245,-0.166,-1.797,0.54,-1.045,-0.435,0.921,1.741,-1.358,-0.013,-0.062,-0.325,-0.838,0.176,0.285,0.013,0.003,0.334,0.126,0.41,-1.344,-0.19,-0.425
55.316,0.291,1.13,-1.319,-1.433,0.186,-0.959,1.226,-0.581,0.159,-0.557,1.603,-0.128,0.514,1.818,-1.567,0.115,-0.627,0.252,-2.262,-0.673,0.325,0.749,-0.148,-1.063,1.215,1.965,-0.098,-0.576,-0.628,1.185,-0.394,0.735,1.575,0.089,0.845,1.499,-1.559,0.152,0.131,0.301,-0.273,0.049,-1.289,0.387,0.894,-0.317,0.91,-0.053,0.28,-1.388,-0.358,0.27,2.148,-0.609,1.137,0.78,-0.805,-0.793,1.68,-0.074,0.785,2.306,0.707,-0.618,-1.851,0.148,0.697,-0.117,-0.292,1.055,1.328,0.521,0.378,-1.206,1.326,-1.01,0.886,-0.344,-1.145,0.692,1.212,-1.508,-0.646,-0.055,-0.949,-2.719,0.787,0.907,0.061,-0.758,0.662,0.59,0.027,1.381,0.668,0.763,2.404,0.188,1.294,0.504
-22.383,-0.443,-2.289,0.364,-1.055,0.176,-1.604,0.307,1.737,-1.751,-1.113,-0.064,-2.024,0.125,0.598,-0.168,-0.176,-1.442,-1.064,0.713,-0.749,0.523,-1.121,-1.659,0.779,0.651,-1.334,2.573,0.18,-0.425,-0.045,-0.449,-0.418,2.075,1.589,-0.973,1.291,-0.437,-0.796,1.413,-1.145,1.453,-0.533,-0.409,-2.09,-1.212,0.387,-0.549,1.489,0.066,2.254,1.933,-0.638,-0.14,-1.229,0.42,-0.724,0.251,-0.582,0.137,-1.041,-0.837,0.441,0.367,0.39,-1.505,-1.196,-0.256,1.265,-0.045,0.366,0.05,1.423,-0.712,0.236,0.41,0.953,0.872,0.129,-1.8,1.498,1.033,0.833,-0.459,-0.391,-1.201,-0.769,1.324,0.555,1.57,-1.499,-0.526,-1.363,0.11,1.086,0.765,0.479,0.479,-0.275,0.751,0.024
7.521,0.001,0.741,0.233,-0.733,0.916,-1.846,0.624,-0.173,1.185,-1.631,0.869,-0.28,-1.581,0.304,0.378,2.082,-0.59,-0.217,1.536,-0.034,-1.495,0.443,-0.334,0.567,0.585,0.044,2.421,-1.059,0.766,-1.227,-0.244,-1.84,2.648,-0.704,1.421,1.046,1.65,1.801,-0.805,0.392,0.541,-2.03,0.044,0.65,0.231,-0.262,0.187,0.348,-0.165,-0.659,-0.113,-0.186,-0.193,-1.377,0.015,-2.018,-0.287,-0.088,-0.087,0.103,0.009,1.153,-1.35,1.623,-0.761,1.319,-0.91,0.278,0.089,-0.507,-0.626,0.329,-0.223,0.859,-0.147,0.587,-0.289,-0.727,0.843,-0.879,0.634,1.214,-0.756,1.742,0.14,-0.438,2.179,0.585,0.584,-0.626,-0.166,-1.432,1.267,0.314,0.326,-2.879,2.303,-0.665,0.817,0.28
-8.179,0.074,-1.316,1.194,0.211,0.32,0.556,0.061,-0.938,1.207,-0.388,0.378,0.421,0.073,1.718,0.403,2.049,-0.792,-0.838,0.319,-2.972,-0.06,0.724,1.313,-0.61,-1.752,-0.414,0.488,-0.853,0.228,-2.055,0.922,-0.666,1.353,-0.769,0.715,0.28,1.476,-0.313,-0.354,0.036,-0.069,-0.636,-0.154,-1.605,0.218,1.348,0.922,0.105,-0.137,-0.587,0.832,-0.128,0.335,-0.143,0.113,0.855,0.602,0.966,1.733,-0.657,-0.678,0.966,-0.632,0.362,-0.156,-1.417,-0.603,-1.075,-0.733,1.105,0.485,-1.191,-1.27,1.256,2.222,-0.51,-0.681,1.364,2.664,-1.058,-0.014,1.129,0.126,1.158,0.408,-1.532,-1.487,-0.057,0.934,-0.003,0.081,0.483,-1.213,-0.073,0.225,-1.3,0.175,1.266,-0.747,0.337
0.029,-0.59,0.92,-0.028,-0.999,-0.367,-0.06,-0.111,-0.285,0.978,1.723,1.416,0.643,1.348,-0.893,-0.627,-0.845,-0.932,0.659,-3.208,0.695,0.176,-0.693,-0.248,1.511,-0.449,0.785,1.811,0.091,0.262,-0.639,1.498,-1.911,0.077,-0.146,-0.951,-1.036,-0.2,0.022,-0.725,2.453,-0.293,-0.938,-0.154,-1.412,-1.284,-0.222,1.984,0.451,0.024,0.96,0.982,-1.092,-1.6,-1.626,0.186,0.649,-0.706,-1.9,-0.86,0.825,1.689,1.55,-2.216,0.984,-1.163,-0.498,-0.726,-0.058,-0.973,0.688,0.702,-0.205,0.632,0.33,0.233,1.632,1.575,-1.258,1.033,0.69,-0.717,2.091,0.333,-0.3,0.112,1.092,0.599,0.474,-1.362,-1.759,0.059,-0.935,0.273,0.747,1.358,0.218,-0.777,0.199,-0.233,-1.429
59.493,-0.569,0.398,-0.357,1.078,-0.941,0.772,-1.576,-0.589,-0.082,-0.559,-0.209,0.294,1.375,0.574,1.883,-0.423,-0.018,0.452,0.437,0.73,-0.951,0.294,0.871,-0.442,-1.85,-0.027,0.433,0.182,-0.039,1.867,0.282,0.472,-0.297,-0.419,0.843,-0.164,-0.597,-2.259,0.798,-0.907,-0.827,0.045,-0.121,0.63,-0.487,0.77,-0.647,0.359,1.428,-0.136,1.041,-0.692,0.657,0.882,0.558,-0.71,-1.605,-0.069,-0.496,-0.615,-0.872,-0.908,-0.827,2.039,1.477,0.828,0.912,1.138,-1.16,-0.223,2.124,1.291,-0.871,0.31,-0.018,0.446,0.387,0.511,0.766,0.108,-1.493,0.245,0.365,-1.628,-1.189,1.697,0.638,-0.57,0.1,-0.484,1.855,1.014,0.609,1.657,-1.175,-1.424,-0.503,-0.539,0.655,-0.984
57.761,-0.135,-0.408,-1.147,-1.199,0.635,-0.141,0.743,-0.444,1.156,-0.637,-2.678,0.719,-0.517,-1.012,1.856,0,0.993,0.8,-0.613,-1.134,0.464,0.654,0.938,-0.956,-0.212,0.394,0.479,0.795,0.391,-1.18,-0.041,-0.36,-0.846,1.5,-0.288,0.191,0.611,-1.678,0.062,-0.17,-1.833,-2.1,-1.01,0.492,1.653,-0.406,-0.594,0.794,0.028,-0.244,-0.056,0.511,0.639,1.284,-0.079,0.153,0.502,-0.117,0.225,0.81,-1.026,0.662,1.577,-1.121,0.814,1.549,0.154,-1.912,-1.648,-1.55,1.527,0.029,-0.332,0.333,-0.601,0.372,-0.695,0.959,0.865,-0.549,-1.081,0.367,2.109,-0.813,0.195,-0.451,-1.719,1.404,-0.448,-0.14,-1.421,0.82,0.414,-0.79,1.901,-0.87,-2.017,0.35,3.65,1.412
48.921,1.178,1.324,-0.517,0.217,-0.062,0.393,2.142,0.06,0.487,2.781,0.609,0.193,1.516,-0.482,0.696,-1.224,0.044,0.365,-0.035,-0.056,0.911,-0.566,0.487,0.945,-0.235,1.417,-1.207,-0.4,0.709,-0.995,-0.033,-0.019,0.98,-1.34,1.329,-0.705,0.283,-0.888,0.42,-0.258,-0.263,0.621,-1.535,-1.544,-0.077,1.782,0.188,0.299,0.176,0.36,0.176,0.143,1.501,-1.231,0.748,-1.425,2.171,0.987,-0.691,1.083,-0.472,-0.252,-0.236,0.037,0.193,-1.219,-1.635,-0.151,1.988,0.68,-0.32,-0.432,-0.426,-1.543,0.289,-0.709,0.018,0.055,-0.175,-1.065,0.327,0.296,-0.758,-0.148,0.946,1.143,-0.04,0.17,0.79,-0.046,0.787,0.625,0.282,-0.442,-0.937,0.942,0.186,0.253,-0.891,-0.793
19.185,-1.524,-0.701,-0.362,0.143,0.183,0.224,2.09,0.082,0.959,-1.957,-1.034,0.367,1.499,0.511,-0.642,0.616,-2.024,2.086,-0.906,-0.258,-0.806,0.22,-0.387,0.251,-0.365,0.033,0.524,0.259,1.995,-0.364,-0.664,-0.967,0.252,-1.141,-1.02,-1.417,-1.47,0.173,1.94,-0.013,-1.648,2.603,-0.468,-1.31,-1.401,1.543,1.16,-0.27,1.457,0.705,-0.911,-1.353,-0.871,-2.104,-0.349,1.51,-0.264,1.25,-0.579,1.657,0.724,-0.135,-1.055,1.333,0.568,0.161,1.101,-0.177,1.288,1.196,0.447,-0.832,0.82,0.525,0.512,-0.602,-0.869,-0.05,-0.213,-0.568,-0.89,-0.621,-2.953,0.307,-0.224,-0.685,-0.331,-0.466,0.143,0.265,0.329,0.161,-0.108,-1.273,0.353,-0.867,-0.783,-0.173,-0.319,0.126
-29.25,0.594,-0.581,2.351,-1.066,1.104,0.024,0.17,0.758,0.178,0.143,0.497,-0.113,0.815,-0.56,-0.938,0.593,1.895,-0.071,-0.514,-1.249,0.214,-1.167,0.398,-1.322,-0.343,-1.03,0.373,-0.578,0.316,-0.461,0.942,-2.013,0.652,0.295,0.864,-1.702,-1.889,-3.147,0.257,-1.158,0.349,1.147,-0.675,-0.949,0.047,-1.73,1.772,0.251,0.975,-2.301,-1.533,-0.694,1.285,-2.561,0.946,1.593,-0.504,0.606,-1.306,-1.71,-0.313,-1.054,-0.262,0.589,1.207,0.079,0.848,-0.684,-0.4,1.468,0.737,0.889,1.35,-1.424,-0.291,0.196,-1.893,1.12,-0.124,0.139,-0.323,-0.528,-0.495,0.932,-0.057,2.364,0.685,-0.601,0.911,0.508,-1.5,1.959,-1.735,0.814,0.494,2.182,-1.025,0.854,-0.745,-0.098
30.777,0.333,-1.001,2.447,-0.429,1.752,-0.623,-0.108,0.54,0.292,0.664,-0.974,-1.037,1.666,-0.483,-1.299,1.356,1.18,0.202,0.147,-0.103,-1.12,0.319,1.018,-0.634,-0.32,0.936,0.236,-0.786,0.255,-1.32,-0.164,2.232,-1.316,0.628,1.159,0.672,-0.674,0.027,0.263,-0.302,-0.115,0.472,0.588,-0.181,0.211,1.816,0.081,1.338,1.155,1.242,1.044,0.695,0.529,-0.02,1.606,0.289,-1.123,1.111,-1.303,-0.687,-0.581,-0.384,1.753,-1.231,1.03,0.166,-0.901,-0.696,-0.219,-1.343,-1.281,1.228,-0.555,-0.146,1.126,0.1,-0.447,-1.247,-0.763,-1.646,1.603,0.595,1.062,-0.299,0.664,-0.49,0.607,0.526,0.511,-0.354,-1.437,0.023,0.403,0.275,-1.587,-1.076,-0.064,2.848,0.015,-0.655
19.513,1.063,-0.668,-0.167,-0.656,-0.954,1.262,0.182,0.777,-2.113,-0.479,-0.094,0.253,1.015,1.473,-0.655,-0.838,2.414,-1.53,-1.344,1.669,0.331,-0.924,-0.28,-0.676,-1.278,-0.942,-1.498,1.973,-0.075,-0.36,0.79,0.158,0.375,-1.048,-2.284,0.111,-0.935,0.528,2.091,-0.065,0.513,0.199,0.648,0.37,-1.085,0.207,0.549,0.654,-1.199,-1.503,1.267,1.003,-0.891,-0.037,-0.539,1.703,-0.46,0.083,-0.177,2.109,1.454,-0.771,-0.676,-0.193,1.869,2.353,0.226,1.287,1.642,-0.19,-1.188,-0.886,0.665,0.101,-0.866,-0.205,0.483,0.523,-0.546,-1.13,1.216,-0.077,-1.326,1.482,0.123,0.503,-0.547,1.422,-0.729,-0.606,0.29,0.478,-0.541,0.475,0.351,-2.055,0.022,-0.196,0.787,-0.246
-18.885,-0.304,0.945,-1.044,0.959,1.644,-0.406,1.146,0.132,-0.538,1.184,-0.554,0.923,0.527,1.594,-1.838,1.005,-0.241,-0.338,0.163,-1.278,-0.078,0.099,0.228,-0.937,-0.72,-1.223,0.343,-0.64,-1.405,-0.806,-2.007,-0.687,-0.195,0.13,0.115,-0.378,-0.918,-0.532,-0.447,-1.146,1.204,1.817,-0.719,-1.229,0.417,-0.6,0.456,-0.482,1.386,0.778,-0.746,-2.304,-0.916,0.629,-0.131,1.291,0.524,1.514,-0.496,-0.056,-0.416,-0.847,1.361,0.955,0.192,-0.52,1.358,-0.09,-0.151,1.499,0.86,-0.575,-0.033,0.995,-0.282,-1.846,1.274,-0.092,0.366,-1.189,-0.131,-1.639,0.05,-1.331,0.032,2.321,2.356,-0.759,0.127,0.544,-0.992,0.914,-0.419,-0.402,0.122,0.992,-0.092,1.198,0.245,-0.572
25.38,0.37,0.434,-1.973,1.556,-0.867,0.667,1.477,-0.807,1.014,0.805,-0.246,2.275,-1.945,-0.731,0.498,0.917,2.071,0.954,-0.543,0.746,0.923,-0.361,-1.585,0.826,-0.577,-0.569,-1.13,-0.589,0.232,-0.931,-0.632,0.955,0.269,1.406,1.336,-0.101,-0.29,0.908,-0.104,-1.289,0.457,0.07,1.592,-0.299,-0.047,0.111,0.697,1.362,-2.101,-1.059,-0.215,0.289,-1.107,-0.068,1.036,0.848,2.205,-0.608,1.732,1.043,1.6,-0.311,-0.489,1.209,-0.853,-0.764,-0.729,-1.565,0.199,0.585,0.114,1.081,2.376,-1.072,-0.155,-1.839,0.475,0.837,-1.143,-1.222,-0.053,-0.256,0.224,1.08,0.426,-0.769,-0.38,0.434,1.324,0.361,0.696,0.437,-0.416,0.77,-0.898,1.406,0.711,0.151,-0.049,0.328
-17.322,0.267,1.005,0.515,-1.041,0.266,0.165,0.408,0.449,0.101,0.053,-0.655,-0.441,0.688,-0.038,-1.463,-0.147,0.233,0.082,0.423,0.49,-0.749,-0.888,0.124,-0.054,0.305,-0.959,-0.528,1.299,-0.968,-1.518,1.124,1.097,0.244,0.792,-1.766,0.874,-0.863,-0.179,-0.445,1.168,-1.687,0.774,0.214,0.672,0.119,0.45,-1.122,-2.237,0.264,-0.326,-1.441,0.668,0.184,-0.892,0.768,0.35,0.38,0.517,0.794,-1.416,0.275,0.008,-0.519,0.461,-0.376,0.093,-0.237,-0.869,0.564,1.233,0.492,0.088,-1.67,-0.143,1.422,-0.572,0.435,-1.878,-0.342,0.552,-0.178,-0.811,0.068,2.02,0.56,-1.402,0.537,1.667,-0.215,0.183,0.655,0.044,-0.208,-1.008,-1.475,-1.08,0.119,1.401,0.234,2.708
3.132,-0.543,-0.39,-1.091,0.931,0.222,1.782,1.114,0.413,-1.219,-1.167,-0.984,0.012,0.076,0.992,-1.198,-1.261,-0.373,1.708,-1.232,-1.997,0.854,1.799,0.031,2.193,1.437,0.832,-0.521,-0.345,1.055,-0.804,-0.826,-1.23,-0.031,-1.72,0.016,0.325,-1.781,-0.901,0.434,0.925,0.704,-1.886,0.26,-1.065,0.327,-1.24,-0.131,-0.583,0.866,-1.506,1.036,-1.54,0.788,-1.289,-0.761,-0.005,0.623,-0.371,-0.922,-0.36,-1.045,-0.435,0.872,1.87,-0.595,2.318,0.793,2.297,1.679,-0.318,-0.853,0.755,2.576,-0.158,-1.311,0.462,0.534,-0.267,0.409,0.022,0.517,-0.905,-2.964,1.107,-0.058,-0.69,-0.472,-0.829,-0.706,0.334,1.504,0.461,-0.156,1.431,-0.462,-0.091,0.392,0.926,-0.626,0.667
-26.458,1.208,0.376,2.285,-0.075,-0.277,0.711,-0.027,-0.404,-0.958,0.323,0.196,-2.127,-0.837,-1.866,0.681,-0.254,-0.833,2.006,1.107,-1.409,-0.412,0.205,1.676,0.615,-0.609,-0.434,0.926,-0.179,-1.104,-0.617,0.977,-1.063,0.105,2.112,1.082,-0.746,0.044,1.563,-0.508,-0.497,1.211,-0.491,1.358,0.534,0.63,-0.692,-2.078,1.697,1.275,1.119,0.187,0.512,-0.683,-0.039,-0.011,-0.06,0.414,0.474,1.102,0.201,-0.549,-0.647,1.153,-1.251,1.064,-0.566,0.419,-0.813,0.085,1.372,-0.591,-0.273,-0.461,0.855,-0.135,0.737,-0.788,0.109,-1.149,0.591,-1.232,0.187,-0.763,-1.069,0.47,0.143,-3.683,-1.135,0.551,1.692,-0.222,0.57,-0.076,-0.428,-0.252,0.706,0.562,-0.731,-1.162,-0.296
-26.885,1.16,0.244,-0.886,-1.967,1.394,-0.338,0.498,-0.388,-0.556,-0.321,-1.217,-0.792,-0.15,-0.437,0.408,1.667,-1.463,-0.788,0.053,0.918,-0.031,1.51,-0.086,1.326,-2.049,-0.327,1.731,-0.632,-0.976,-0.209,-1.747,0.1,-0.469,-0.806,0.368,-1.746,-1.852,-0.469,0.725,0.394,-0.165,-1.438,0.594,-0.354,0.486,0.019,-1.177,0.514,-0.689,-0.224,-0.016,-0.494,-0.689,0.48,-0.155,0.063,-1.255,1.499,0.646,-0.882,-2.033,0.373,-0.306,0.261,0.533,-0.775,-0.763,-0.954,0.828,-0.549,-0.14,0.717,0.013,0.377,0.403,-1.461,-0.05,0.597,0.095,1.448,1.237,0.282,-0.442,0.16,-0.85,2.395,0.948,-0.35,-0.746,0.166,-0.263,0.612,0.62,-0.852,0.526,0.046,-0.434,0.363,0.634,0.576
25.734,0.7,-1.426,0.111,-0.756,-0.659,-0.009,1.186,1.095,2.122,-0.886,-0.285,1.289,-0.996,0.936,1.138,0.722,1.036,-2.01,-3.202,-0.749,0.353,-0.174,1.047,1.052,-0.345,0.651,0.748,-0.159,0.861,-0.683,-0.808,1.699,-0.991,0.243,0.524,-0.032,1.097,0.114,0.448,-1.526,0.298,0.494,1.03,0.526,1.635,-0.041,-0.609,-0.968,-1.267,1.283,-1.122,-0.22,-1.019,0.327,1.343,1.268,-0.394,-0.348,1.904,0.546,0.709,0.524,0.344,-0.649,-0.461,-0.805,-0.191,-1.067,0.758,1.252,-0.876,0.453,-0.291,-1.769,0.995,0.445,0.253,0.748,0.894,-1.003,2.407,0.055,-0.54,0.826,-0.028,-0.128,-1.017,1.161,0.291,-0.26,0.011,-0.396,-2.395,-1.145,-0.132,-0.434,1.567,-0.104,0.748,1.147
13.672,1.587,1.778,3.81,0.461,0.661,-0.125,3.64,1.34,-0.18,0.151,-0.3,-0.254,1.217,0.383,0.502,0.594,1.293,1.136,-0.954,-1.238,1.333,-0.855,0.386,-0.116,-0.991,-1.676,-0.369,-0.158,0.903,1.907,-0.505,0.852,1.881,0.527,-0.433,1.05,-1.12,-0.639,-1.325,0.242,-0.006,-1.972,-0.636,-1.387,-0.193,-0.873,0.195,1.959,0.614,0.765,1.218,0.54,1.279,2.335,-1.043,1.067,-1.262,-0.989,-0.565,0.218,0.954,-1.647,-0.727,-1.847,-1.397,0.422,0.236,-0.494,-0.695,1.322,0.164,1.728,2.053,-1.093,1.669,-0.292,-0.343,-0.594,-0.826,0.655,-1.551,0.549,-0.133,0.26,1.584,0.594,1.147,2.2,-2.374,-1.454,-0.438,0.064,-0.274,0.023,0.297,1.402,0.594,-0.861,-2.34,-0.863
80.822,0.558,0.134,-1.109,0.145,-0.013,-2.091,-0.054,0.114,-0.645,0.579,-0.639,0.569,-0.172,-0.302,-0.067,-2.885,1.144,1.865,-0.205,1.614,-0.397,-0.452,1.393,0.232,0.507,0.407,-0.236,-0.443,1.505,-0.71,-1.53,1.156,0.185,0.491,-0.121,-0.837,0.705,-0.317,-0.919,0.271,-1.038,1,-0.145,-0.006,1.7,-0.675,0.249,-0.223,0.108,-0.045,-0.209,1.241,-0.55,2.229,1.212,-1.107,0.873,1.526,0.115,1.352,1.405,0.457,1.075,-1.175,-0.668,-0.431,-0.149,-0.739,-0.484,-2.52,1.567,-0.226,0.914,0.817,-0.836,0.526,-1.399,0.684,2.229,-0.39,-1.752,0.378,-0.485,0.172,0.966,-0.915,-0.625,1.596,1.206,-1.032,0.62,-0.497,0.162,-0.969,-0.455,-1.133,-1.732,-0.071,0.842,2.194